dataset,seed,frac,method,acc,precision,recall,f1,n_tuned,train_time_s,infer_ms
HAR,0,0.05,ZeroShot,0.943652,0.946380,0.941111,0.942564,0,0.00,0.0333
HAR,0,0.05,VarFilter,0.933469,0.932594,0.930995,0.931415,0,0.00,0.0429
HAR,0,0.05,MIFilter,0.883910,0.896666,0.880475,0.883656,0,0.00,0.0372
HAR,0,0.05,LR,0.862865,0.871613,0.859395,0.861543,3372,0.03,0.0010
HAR,0,0.05,SVM,0.856076,0.865456,0.852688,0.855218,32828,0.00,0.0217
HAR,0,0.05,RF,0.812627,0.823078,0.811907,0.813775,3506,0.25,0.0259
HAR,0,0.05,LinearProbe,0.927359,0.934233,0.925633,0.927210,3078,0.14,0.0371
HAR,0,0.05,BitFit,0.943652,0.946380,0.941111,0.942564,1542,0.12,0.0345
HAR,0,0.05,SSF,0.942295,0.946796,0.939306,0.940962,4194,0.21,0.0483
HAR,0,0.05,Adapter,0.932111,0.938034,0.928393,0.930122,66112,0.17,0.0420
HAR,0,0.05,LoRA,0.926680,0.936611,0.924104,0.926008,14556,0.40,0.0412
HAR,0,0.05,LFW(ours),0.941616,0.946016,0.938831,0.940470,561,0.26,0.0373
HAR,0,0.05,FFT,0.923965,0.923838,0.924430,0.923586,1103366,1.67,0.0342
HAR,0,0.1,ZeroShot,0.943652,0.946380,0.941111,0.942564,0,0.00,0.0377
HAR,0,0.1,VarFilter,0.935506,0.934555,0.933627,0.933878,0,0.00,0.0364
HAR,0,0.1,MIFilter,0.888663,0.900501,0.884724,0.887334,0,0.00,0.0640
HAR,0,0.1,LR,0.905635,0.912423,0.901378,0.903036,3372,0.06,0.0027
HAR,0,0.1,SVM,0.896130,0.902813,0.892208,0.893764,63392,0.01,0.0434
HAR,0,0.1,RF,0.873727,0.880462,0.867944,0.870066,5718,0.29,0.0260
HAR,0,0.1,LinearProbe,0.943652,0.946380,0.941111,0.942564,3078,0.14,0.0382
HAR,0,0.1,BitFit,0.943652,0.946380,0.941111,0.942564,1542,0.19,0.0372
HAR,0,0.1,SSF,0.943652,0.946380,0.941111,0.942564,4194,0.22,0.0511
HAR,0,0.1,Adapter,0.943652,0.946380,0.941111,0.942564,66112,0.15,0.0442
HAR,0,0.1,LoRA,0.943652,0.946380,0.941111,0.942564,14556,0.38,0.0415
HAR,0,0.1,LFW(ours),0.943652,0.946380,0.941111,0.942564,561,0.31,0.0397
HAR,0,0.1,FFT,0.947047,0.947918,0.944526,0.945364,1103366,1.90,0.0366
HAR,0,0.2,ZeroShot,0.943652,0.946380,0.941111,0.942564,0,0.00,0.0374
HAR,0,0.2,VarFilter,0.909029,0.916957,0.905524,0.907502,0,0.00,0.0410
HAR,0,0.2,MIFilter,0.885947,0.898547,0.882206,0.885286,0,0.00,0.0400
HAR,0,0.2,LR,0.934827,0.936417,0.933113,0.933753,3372,0.02,0.0010
HAR,0,0.2,SVM,0.936864,0.936619,0.935835,0.935708,117162,0.01,0.0773
HAR,0,0.2,RF,0.923965,0.924461,0.920692,0.921434,8972,0.29,0.0258
HAR,0,0.2,LinearProbe,0.943652,0.946380,0.941111,0.942564,3078,0.17,0.0350
HAR,0,0.2,BitFit,0.943652,0.946380,0.941111,0.942564,1542,0.24,0.0360
HAR,0,0.2,SSF,0.943652,0.946380,0.941111,0.942564,4194,0.36,0.0504
HAR,0,0.2,Adapter,0.943652,0.946380,0.941111,0.942564,66112,0.22,0.0474
HAR,0,0.2,LoRA,0.943652,0.946380,0.941111,0.942564,14556,0.51,0.0401
HAR,0,0.2,LFW(ours),0.943652,0.946380,0.941111,0.942564,561,0.54,0.0372
HAR,0,0.2,FFT,0.953836,0.955784,0.952221,0.952878,1103366,2.01,0.0375
HAR,0,0.5,ZeroShot,0.943652,0.946380,0.941111,0.942564,0,0.00,0.0362
HAR,0,0.5,VarFilter,0.909708,0.918286,0.904255,0.906657,0,0.00,0.0464
HAR,0,0.5,MIFilter,0.899525,0.905956,0.896983,0.899129,0,0.00,0.0419
HAR,0,0.5,LR,0.961303,0.962268,0.961608,0.961900,3372,0.06,0.0010
HAR,0,0.5,SVM,0.959946,0.960746,0.960570,0.960553,230362,0.04,0.1445
HAR,0,0.5,RF,0.953836,0.953606,0.952050,0.952576,16916,0.40,0.0260
HAR,0,0.5,LinearProbe,0.964698,0.964280,0.964965,0.964152,3078,0.45,0.0354
HAR,0,0.5,BitFit,0.943652,0.946380,0.941111,0.942564,1542,0.52,0.0366
HAR,0,0.5,SSF,0.951120,0.951541,0.949664,0.950291,4194,0.94,0.0486
HAR,0,0.5,Adapter,0.956551,0.956178,0.956131,0.955924,66112,1.09,0.0478
HAR,0,0.5,LoRA,0.966056,0.966608,0.965966,0.966137,14556,2.11,0.0404
HAR,0,0.5,LFW(ours),0.966056,0.966361,0.965890,0.965728,561,1.55,0.0375
HAR,0,0.5,FFT,0.968092,0.969610,0.965964,0.967074,1103366,5.61,0.0331
HAR,0,1.0,ZeroShot,0.943652,0.946380,0.941111,0.942564,0,0.00,0.0335
HAR,0,1.0,VarFilter,0.915139,0.919825,0.910701,0.912572,0,0.00,0.0390
HAR,0,1.0,MIFilter,0.898846,0.905869,0.896448,0.898732,0,0.00,0.0389
HAR,0,1.0,LR,0.972166,0.972979,0.972712,0.972807,3372,0.10,0.0011
HAR,0,1.0,SVM,0.978276,0.978596,0.978835,0.978703,363938,0.11,0.2781
HAR,0,1.0,RF,0.967413,0.967398,0.965981,0.966392,27600,0.74,0.0268
HAR,0,1.0,LinearProbe,0.976918,0.976668,0.976606,0.976634,3078,2.14,0.0372
HAR,0,1.0,BitFit,0.949762,0.949517,0.948885,0.949111,1542,2.45,0.0375
HAR,0,1.0,SSF,0.970129,0.969314,0.969539,0.969404,4194,4.42,0.0531
HAR,0,1.0,Adapter,0.976239,0.975732,0.975500,0.975590,66112,1.86,0.0444
HAR,0,1.0,LoRA,0.963340,0.963587,0.962790,0.963103,14556,2.59,0.0473
HAR,0,1.0,LFW(ours),0.978276,0.978346,0.978109,0.978209,561,3.65,0.0417
HAR,0,1.0,FFT,0.976239,0.976865,0.975953,0.976348,1103366,12.56,0.0391
HAR,1,0.05,ZeroShot,0.935506,0.939631,0.933397,0.934812,0,0.00,0.0440
HAR,1,0.05,VarFilter,0.878479,0.894251,0.874130,0.875772,0,0.00,0.0410
HAR,1,0.05,MIFilter,0.885947,0.891642,0.883905,0.885219,0,0.00,0.0400
HAR,1,0.05,LR,0.791582,0.813623,0.782089,0.777748,3372,0.06,0.0013
HAR,1,0.05,SVM,0.817379,0.827201,0.809628,0.808586,32262,0.00,0.0249
HAR,1,0.05,RF,0.857434,0.857605,0.854326,0.854435,3562,0.29,0.0318
HAR,1,0.05,LinearProbe,0.935506,0.939631,0.933397,0.934812,3078,0.14,0.0427
HAR,1,0.05,BitFit,0.935506,0.939631,0.933397,0.934812,1542,0.14,0.0454
HAR,1,0.05,SSF,0.935506,0.939631,0.933397,0.934812,4194,0.21,0.0694
HAR,1,0.05,Adapter,0.935506,0.939631,0.933397,0.934812,66112,0.16,0.0573
HAR,1,0.05,LoRA,0.935506,0.939631,0.933397,0.934812,14556,0.48,0.0443
HAR,1,0.05,LFW(ours),0.935506,0.939631,0.933397,0.934812,561,0.27,0.0452
HAR,1,0.05,FFT,0.837746,0.868620,0.831517,0.822698,1103366,2.07,0.0395
HAR,1,0.1,ZeroShot,0.935506,0.939631,0.933397,0.934812,0,0.00,0.0426
HAR,1,0.1,VarFilter,0.879158,0.894070,0.871083,0.871981,0,0.00,0.0415
HAR,1,0.1,MIFilter,0.882553,0.886630,0.879944,0.881529,0,0.00,0.0419
HAR,1,0.1,LR,0.902919,0.907428,0.905021,0.905639,3372,0.03,0.0018
HAR,1,0.1,SVM,0.904277,0.905399,0.905529,0.905273,66788,0.01,0.0498
HAR,1,0.1,RF,0.926001,0.924318,0.924520,0.924077,5924,0.29,0.0266
HAR,1,0.1,LinearProbe,0.907671,0.914767,0.909431,0.906812,3078,0.28,0.0427
HAR,1,0.1,BitFit,0.935506,0.939631,0.933397,0.934812,1542,0.27,0.0387
HAR,1,0.1,SSF,0.936864,0.938115,0.935333,0.936128,4194,0.34,0.0536
HAR,1,0.1,Adapter,0.936185,0.936197,0.936004,0.935877,66112,0.43,0.0468
HAR,1,0.1,LoRA,0.923286,0.923668,0.923676,0.922875,14556,0.46,0.0462
HAR,1,0.1,LFW(ours),0.936185,0.936112,0.935539,0.935727,561,0.37,0.0419
HAR,1,0.1,FFT,0.927359,0.933729,0.928389,0.926665,1103366,2.38,0.0398
HAR,1,0.2,ZeroShot,0.935506,0.939631,0.933397,0.934812,0,0.00,0.0410
HAR,1,0.2,VarFilter,0.909029,0.914159,0.903109,0.904626,0,0.00,0.0520
HAR,1,0.2,MIFilter,0.880516,0.885877,0.877524,0.879291,0,0.00,0.0435
HAR,1,0.2,LR,0.938900,0.939245,0.939562,0.939359,3372,0.03,0.0016
HAR,1,0.2,SVM,0.945010,0.944625,0.944704,0.944597,119426,0.02,0.0826
HAR,1,0.2,RF,0.926001,0.925324,0.924474,0.924468,9272,0.31,0.0252
HAR,1,0.2,LinearProbe,0.935506,0.939631,0.933397,0.934812,3078,0.19,0.0407
HAR,1,0.2,BitFit,0.934148,0.936517,0.932307,0.933356,1542,0.37,0.0401
HAR,1,0.2,SSF,0.934827,0.937352,0.932979,0.934082,4194,0.40,0.0552
HAR,1,0.2,Adapter,0.935506,0.939631,0.933397,0.934812,66112,0.33,0.0473
HAR,1,0.2,LoRA,0.937542,0.937724,0.936457,0.936866,14556,0.71,0.0460
HAR,1,0.2,LFW(ours),0.950441,0.949561,0.949719,0.949567,561,0.87,0.0421
HAR,1,0.2,FFT,0.951120,0.953659,0.951703,0.951291,1103366,4.17,0.0394
HAR,1,0.5,ZeroShot,0.935506,0.939631,0.933397,0.934812,0,0.00,0.0408
HAR,1,0.5,VarFilter,0.913781,0.914733,0.908465,0.909512,0,0.00,0.0411
HAR,1,0.5,MIFilter,0.904277,0.906158,0.902628,0.903726,0,0.00,0.0395
HAR,1,0.5,LR,0.959267,0.959896,0.960087,0.959939,3372,0.06,0.0017
HAR,1,0.5,SVM,0.963340,0.963339,0.964161,0.963604,224702,0.04,0.1624
HAR,1,0.5,RF,0.961303,0.960914,0.959644,0.960073,16976,0.57,0.0327
HAR,1,0.5,LinearProbe,0.959267,0.959216,0.959010,0.959029,3078,1.30,0.0423
HAR,1,0.5,BitFit,0.935506,0.936295,0.934187,0.934849,1542,1.27,0.0378
HAR,1,0.5,SSF,0.940258,0.940268,0.939152,0.939514,4194,1.92,0.0536
HAR,1,0.5,Adapter,0.967413,0.967254,0.967326,0.967093,66112,1.98,0.0461
HAR,1,0.5,LoRA,0.957909,0.957597,0.957439,0.957475,14556,2.61,0.0501
HAR,1,0.5,LFW(ours),0.960625,0.960531,0.959465,0.959810,561,1.69,0.0423
HAR,1,0.5,FFT,0.964698,0.965259,0.965277,0.965032,1103366,9.76,0.0412
HAR,1,1.0,ZeroShot,0.935506,0.939631,0.933397,0.934812,0,0.00,0.0396
HAR,1,1.0,VarFilter,0.919212,0.918951,0.915303,0.916194,0,0.00,0.0407
HAR,1,1.0,MIFilter,0.902240,0.904782,0.900859,0.901913,0,0.00,0.0411
HAR,1,1.0,LR,0.963340,0.964146,0.963409,0.963650,3372,0.08,0.0013
HAR,1,1.0,SVM,0.975560,0.975571,0.976145,0.975837,349788,0.12,0.2706
HAR,1,1.0,RF,0.970129,0.969781,0.968566,0.968981,27288,0.84,0.0320
HAR,1,1.0,LinearProbe,0.948405,0.949434,0.948270,0.948428,3078,1.35,0.0406
HAR,1,1.0,BitFit,0.936864,0.938759,0.935141,0.936095,1542,1.30,0.0396
HAR,1,1.0,SSF,0.960625,0.960706,0.959448,0.959918,4194,10.51,0.0489
HAR,1,1.0,Adapter,0.969450,0.969678,0.969790,0.969534,66112,3.93,0.0436
HAR,1,1.0,LoRA,0.968092,0.968777,0.968723,0.968482,14556,4.40,0.0419
HAR,1,1.0,LFW(ours),0.967413,0.967417,0.966806,0.966991,561,2.79,0.0367
HAR,1,1.0,FFT,0.963340,0.965062,0.963608,0.964014,1103366,9.21,0.0350
HAR,2,0.05,ZeroShot,0.936864,0.940395,0.935723,0.937083,0,0.00,0.0578
HAR,2,0.05,VarFilter,0.917855,0.923285,0.914715,0.916743,0,0.00,0.0481
HAR,2,0.05,MIFilter,0.890699,0.895169,0.889050,0.890837,0,0.00,0.0405
HAR,2,0.05,LR,0.845214,0.854248,0.846858,0.847364,3372,0.02,0.0012
HAR,2,0.05,SVM,0.809912,0.824815,0.813357,0.813677,32262,0.00,0.0231
HAR,2,0.05,RF,0.790224,0.812416,0.793529,0.798632,3440,0.28,0.0264
HAR,2,0.05,LinearProbe,0.936864,0.940395,0.935723,0.937083,3078,0.11,0.0389
HAR,2,0.05,BitFit,0.936864,0.940395,0.935723,0.937083,1542,0.10,0.0346
HAR,2,0.05,SSF,0.936864,0.940395,0.935723,0.937083,4194,0.14,0.0559
HAR,2,0.05,Adapter,0.936864,0.940395,0.935723,0.937083,66112,0.13,0.0511
HAR,2,0.05,LoRA,0.929396,0.931149,0.929566,0.929303,14556,0.72,0.0465
HAR,2,0.05,LFW(ours),0.941616,0.943656,0.941880,0.941652,561,0.35,0.0416
HAR,2,0.05,FFT,0.937542,0.938035,0.938062,0.936880,1103366,1.84,0.0458
HAR,2,0.1,ZeroShot,0.936864,0.940395,0.935723,0.937083,0,0.00,0.0494
HAR,2,0.1,VarFilter,0.909029,0.919028,0.903689,0.906166,0,0.00,0.0511
HAR,2,0.1,MIFilter,0.882553,0.887162,0.880928,0.882416,0,0.00,0.0415
HAR,2,0.1,LR,0.899525,0.904384,0.897521,0.898866,3372,0.02,0.0015
HAR,2,0.1,SVM,0.891378,0.893788,0.890563,0.891233,61694,0.00,0.0450
HAR,2,0.1,RF,0.859470,0.863480,0.857712,0.858512,5654,0.31,0.0329
HAR,2,0.1,LinearProbe,0.938900,0.939017,0.938807,0.937951,3078,0.31,0.0376
HAR,2,0.1,BitFit,0.936864,0.940395,0.935723,0.937083,1542,0.15,0.0396
HAR,2,0.1,SSF,0.936864,0.940395,0.935723,0.937083,4194,0.20,0.0529
HAR,2,0.1,Adapter,0.948405,0.949628,0.947233,0.947711,66112,0.40,0.0434
HAR,2,0.1,LoRA,0.897488,0.913685,0.900618,0.897150,14556,0.49,0.0431
HAR,2,0.1,LFW(ours),0.927359,0.932961,0.928388,0.927260,561,0.38,0.0408
HAR,2,0.1,FFT,0.901561,0.921462,0.905416,0.901018,1103366,1.55,0.0394
HAR,2,0.2,ZeroShot,0.936864,0.940395,0.935723,0.937083,0,0.00,0.0404
HAR,2,0.2,VarFilter,0.923286,0.929618,0.920561,0.922701,0,0.00,0.0424
HAR,2,0.2,MIFilter,0.875085,0.880246,0.872342,0.874011,0,0.00,0.0436
HAR,2,0.2,LR,0.934827,0.936786,0.935804,0.936065,3372,0.03,0.0018
HAR,2,0.2,SVM,0.926680,0.927376,0.927748,0.927352,114332,0.02,0.0901
HAR,2,0.2,RF,0.894773,0.893863,0.892733,0.892897,9218,0.33,0.0331
HAR,2,0.2,LinearProbe,0.947047,0.946832,0.947250,0.946455,3078,0.60,0.0387
HAR,2,0.2,BitFit,0.936864,0.940395,0.935723,0.937083,1542,0.25,0.0403
HAR,2,0.2,SSF,0.936864,0.940395,0.935723,0.937083,4194,0.37,0.0573
HAR,2,0.2,Adapter,0.936864,0.940395,0.935723,0.937083,66112,0.25,0.0470
HAR,2,0.2,LoRA,0.940937,0.942010,0.941396,0.941278,14556,1.37,0.0450
HAR,2,0.2,LFW(ours),0.938900,0.940779,0.939606,0.939307,561,1.01,0.0463
HAR,2,0.2,FFT,0.953836,0.955263,0.954635,0.954285,1103366,2.44,0.0396
HAR,2,0.5,ZeroShot,0.936864,0.940395,0.935723,0.937083,0,0.00,0.0453
HAR,2,0.5,VarFilter,0.919212,0.921732,0.917161,0.918475,0,0.00,0.0427
HAR,2,0.5,MIFilter,0.870333,0.876382,0.868407,0.869920,0,0.00,0.0414
HAR,2,0.5,LR,0.960625,0.961640,0.961155,0.961325,3372,0.06,0.0012
HAR,2,0.5,SVM,0.966056,0.966109,0.966089,0.966081,225268,0.05,0.1553
HAR,2,0.5,RF,0.942974,0.943058,0.941102,0.941683,16682,0.47,0.0336
HAR,2,0.5,LinearProbe,0.964698,0.965154,0.964904,0.964881,3078,0.89,0.0397
HAR,2,0.5,BitFit,0.942295,0.944004,0.941325,0.942215,1542,0.76,0.0416
HAR,2,0.5,SSF,0.942295,0.944004,0.941325,0.942215,4194,0.95,0.0555
HAR,2,0.5,Adapter,0.966735,0.967842,0.965954,0.966575,66112,1.23,0.0470
HAR,2,0.5,LoRA,0.959946,0.960771,0.959605,0.960079,14556,2.42,0.0550
HAR,2,0.5,LFW(ours),0.955872,0.956079,0.955677,0.955838,561,1.51,0.0413
HAR,2,0.5,FFT,0.973523,0.974219,0.973650,0.973873,1103366,11.91,0.0556
HAR,2,1.0,ZeroShot,0.936864,0.940395,0.935723,0.937083,0,0.00,0.0366
HAR,2,1.0,VarFilter,0.926001,0.930388,0.923013,0.924864,0,0.00,0.0502
HAR,2,1.0,MIFilter,0.885268,0.888762,0.883926,0.885301,0,0.00,0.0729
HAR,2,1.0,LR,0.973523,0.974124,0.974251,0.974153,3372,0.30,0.0028
HAR,2,1.0,SVM,0.976918,0.977410,0.977754,0.977296,359410,0.20,0.4905
HAR,2,1.0,RF,0.968771,0.968950,0.967044,0.967675,27074,1.42,0.0573
HAR,2,1.0,LinearProbe,0.964698,0.965211,0.965354,0.965165,3078,2.30,0.0624
HAR,2,1.0,BitFit,0.945689,0.946505,0.945347,0.945746,1542,3.60,0.0565
HAR,2,1.0,SSF,0.953157,0.953454,0.953001,0.953184,4194,6.92,0.1071
HAR,2,1.0,Adapter,0.973523,0.974100,0.973697,0.973819,66112,4.24,0.0625
HAR,2,1.0,LoRA,0.972845,0.973589,0.973821,0.973618,14556,6.44,0.0648
HAR,2,1.0,LFW(ours),0.975560,0.975857,0.976192,0.976000,561,6.16,0.0522
HAR,2,1.0,FFT,0.978955,0.979317,0.979350,0.979218,1103366,14.69,0.0420
HAR,3,0.05,ZeroShot,0.946368,0.949067,0.945340,0.946436,0,0.00,0.0411
HAR,3,0.05,VarFilter,0.916497,0.919144,0.914725,0.915873,0,0.00,0.0413
HAR,3,0.05,MIFilter,0.913103,0.917236,0.910686,0.912394,0,0.00,0.0488
HAR,3,0.05,LR,0.792261,0.805890,0.785766,0.784083,3372,0.03,0.0016
HAR,3,0.05,SVM,0.807875,0.818785,0.799369,0.796551,32828,0.00,0.0318
HAR,3,0.05,RF,0.788866,0.805283,0.784465,0.785873,3716,0.36,0.0463
HAR,3,0.05,LinearProbe,0.946368,0.949067,0.945340,0.946436,3078,0.11,0.0381
HAR,3,0.05,BitFit,0.946368,0.949067,0.945340,0.946436,1542,0.13,0.0480
HAR,3,0.05,SSF,0.946368,0.949067,0.945340,0.946436,4194,0.17,0.0541
HAR,3,0.05,Adapter,0.946368,0.949067,0.945340,0.946436,66112,0.14,0.0537
HAR,3,0.05,LoRA,0.946368,0.949067,0.945340,0.946436,14556,0.42,0.0575
HAR,3,0.05,LFW(ours),0.946368,0.949067,0.945340,0.946436,561,0.39,0.0436
HAR,3,0.05,FFT,0.911066,0.929760,0.915357,0.910972,1103366,1.50,0.0399
HAR,3,0.1,ZeroShot,0.946368,0.949067,0.945340,0.946436,0,0.00,0.0393
HAR,3,0.1,VarFilter,0.921249,0.929457,0.919500,0.921376,0,0.00,0.0447
HAR,3,0.1,MIFilter,0.900204,0.906159,0.898236,0.900014,0,0.00,0.0469
HAR,3,0.1,LR,0.871690,0.876271,0.870645,0.870159,3372,0.03,0.0014
HAR,3,0.1,SVM,0.877800,0.885285,0.874977,0.874741,65090,0.00,0.0520
HAR,3,0.1,RF,0.845893,0.857698,0.840748,0.840461,5864,0.30,0.0263
HAR,3,0.1,LinearProbe,0.946368,0.949067,0.945340,0.946436,3078,0.13,0.0453
HAR,3,0.1,BitFit,0.946368,0.949067,0.945340,0.946436,1542,0.19,0.0405
HAR,3,0.1,SSF,0.946368,0.949067,0.945340,0.946436,4194,0.22,0.0542
HAR,3,0.1,Adapter,0.946368,0.949067,0.945340,0.946436,66112,0.27,0.0484
HAR,3,0.1,LoRA,0.946368,0.949067,0.945340,0.946436,14556,0.42,0.0449
HAR,3,0.1,LFW(ours),0.958588,0.959344,0.958503,0.958819,561,0.53,0.0419
HAR,3,0.1,FFT,0.926680,0.930412,0.923959,0.925181,1103366,2.45,0.0353
HAR,3,0.2,ZeroShot,0.946368,0.949067,0.945340,0.946436,0,0.00,0.0386
HAR,3,0.2,VarFilter,0.907671,0.918891,0.902205,0.904789,0,0.00,0.0417
HAR,3,0.2,MIFilter,0.913781,0.916155,0.912163,0.913435,0,0.00,0.0402
HAR,3,0.2,LR,0.923286,0.925565,0.923218,0.923572,3372,0.03,0.0010
HAR,3,0.2,SVM,0.934148,0.935635,0.934746,0.934466,114332,0.01,0.0913
HAR,3,0.2,RF,0.921249,0.929110,0.920478,0.921034,9414,0.30,0.0333
HAR,3,0.2,LinearProbe,0.946368,0.949067,0.945340,0.946436,3078,0.19,0.0406
HAR,3,0.2,BitFit,0.946368,0.949067,0.945340,0.946436,1542,0.24,0.0379
HAR,3,0.2,SSF,0.946368,0.949067,0.945340,0.946436,4194,0.37,0.0542
HAR,3,0.2,Adapter,0.946368,0.949067,0.945340,0.946436,66112,0.22,0.0488
HAR,3,0.2,LoRA,0.946368,0.949067,0.945340,0.946436,14556,0.67,0.0475
HAR,3,0.2,LFW(ours),0.946368,0.949067,0.945340,0.946436,561,0.61,0.0416
HAR,3,0.2,FFT,0.953157,0.953583,0.952570,0.952812,1103366,4.08,0.0389
HAR,3,0.5,ZeroShot,0.946368,0.949067,0.945340,0.946436,0,0.00,0.0390
HAR,3,0.5,VarFilter,0.927359,0.929805,0.924302,0.925653,0,0.00,0.0427
HAR,3,0.5,MIFilter,0.911745,0.914187,0.910049,0.911312,0,0.00,0.0410
HAR,3,0.5,LR,0.959267,0.960288,0.959447,0.959712,3372,0.07,0.0015
HAR,3,0.5,SVM,0.967413,0.967650,0.967986,0.967769,232060,0.05,0.1903
HAR,3,0.5,RF,0.955872,0.956218,0.955361,0.955692,17530,0.50,0.0266
HAR,3,0.5,LinearProbe,0.965377,0.966247,0.965497,0.965668,3078,0.97,0.0427
HAR,3,0.5,BitFit,0.947047,0.947696,0.946853,0.947182,1542,1.59,0.0406
HAR,3,0.5,SSF,0.949762,0.950450,0.949642,0.949942,4194,1.27,0.0610
HAR,3,0.5,Adapter,0.953836,0.954172,0.953168,0.953517,66112,0.80,0.0492
HAR,3,0.5,LoRA,0.953836,0.954135,0.953551,0.953594,14556,1.91,0.0460
HAR,3,0.5,LFW(ours),0.966056,0.966964,0.966111,0.966128,561,3.07,0.0479
HAR,3,0.5,FFT,0.968771,0.968602,0.968732,0.968396,1103366,8.66,0.0393
HAR,3,1.0,ZeroShot,0.946368,0.949067,0.945340,0.946436,0,0.00,0.0417
HAR,3,1.0,VarFilter,0.924644,0.926954,0.921177,0.922461,0,0.00,0.0413
HAR,3,1.0,MIFilter,0.911745,0.914349,0.909640,0.910854,0,0.00,0.0405
HAR,3,1.0,LR,0.970808,0.971233,0.971437,0.971319,3372,0.22,0.0011
HAR,3,1.0,SVM,0.975560,0.975892,0.976203,0.976044,358278,0.13,0.2953
HAR,3,1.0,RF,0.978955,0.979261,0.978255,0.978653,27700,0.87,0.0261
HAR,3,1.0,LinearProbe,0.971487,0.971408,0.971803,0.971593,3078,1.42,0.0411
HAR,3,1.0,BitFit,0.947726,0.948380,0.947563,0.947879,1542,1.88,0.0419
HAR,3,1.0,SSF,0.946368,0.946726,0.946592,0.946561,4194,2.09,0.0567
HAR,3,1.0,Adapter,0.971487,0.971853,0.971589,0.971703,66112,2.17,0.0469
HAR,3,1.0,LoRA,0.963340,0.963662,0.964084,0.963569,14556,3.49,0.0483
HAR,3,1.0,LFW(ours),0.972166,0.972484,0.972405,0.972416,561,3.84,0.0407
HAR,3,1.0,FFT,0.973523,0.974210,0.973820,0.973923,1103366,10.04,0.0410
HAR,4,0.05,ZeroShot,0.956551,0.958131,0.955739,0.956571,0,0.00,0.0441
HAR,4,0.05,VarFilter,0.928717,0.932523,0.924518,0.925889,0,0.00,0.0512
HAR,4,0.05,MIFilter,0.910387,0.914069,0.910405,0.911310,0,0.00,0.0479
HAR,4,0.05,LR,0.883910,0.884744,0.884106,0.883992,3372,0.03,0.0009
HAR,4,0.05,SVM,0.833673,0.837880,0.831894,0.832818,32828,0.00,0.0253
HAR,4,0.05,RF,0.833673,0.833580,0.834013,0.832733,3634,0.27,0.0339
HAR,4,0.05,LinearProbe,0.956551,0.958131,0.955739,0.956571,3078,0.11,0.0415
HAR,4,0.05,BitFit,0.956551,0.958131,0.955739,0.956571,1542,0.12,0.0435
HAR,4,0.05,SSF,0.956551,0.958131,0.955739,0.956571,4194,0.14,0.0546
HAR,4,0.05,Adapter,0.956551,0.958131,0.955739,0.956571,66112,0.12,0.0445
HAR,4,0.05,LoRA,0.956551,0.958131,0.955739,0.956571,14556,0.40,0.0451
HAR,4,0.05,LFW(ours),0.956551,0.958131,0.955739,0.956571,561,0.25,0.0441
HAR,4,0.05,FFT,0.928717,0.941273,0.932317,0.929479,1103366,1.59,0.0395
HAR,4,0.1,ZeroShot,0.956551,0.958131,0.955739,0.956571,0,0.00,0.0408
HAR,4,0.1,VarFilter,0.940258,0.940372,0.938834,0.939365,0,0.00,0.0376
HAR,4,0.1,MIFilter,0.886626,0.890703,0.885901,0.887074,0,0.00,0.0397
HAR,4,0.1,LR,0.887305,0.888728,0.884430,0.885178,3372,0.03,0.0009
HAR,4,0.1,SVM,0.868975,0.868458,0.865565,0.866162,65656,0.01,0.0474
HAR,4,0.1,RF,0.873727,0.873305,0.869294,0.870157,5456,0.26,0.0262
HAR,4,0.1,LinearProbe,0.946368,0.949204,0.944384,0.945716,3078,0.16,0.0378
HAR,4,0.1,BitFit,0.956551,0.958131,0.955739,0.956571,1542,0.14,0.0395
HAR,4,0.1,SSF,0.955193,0.956459,0.954594,0.955279,4194,0.30,0.0630
HAR,4,0.1,Adapter,0.947726,0.949789,0.946456,0.947468,66112,0.19,0.0552
HAR,4,0.1,LoRA,0.958588,0.959854,0.958036,0.958673,14556,1.07,0.0465
HAR,4,0.1,LFW(ours),0.955193,0.956477,0.954142,0.954938,561,0.40,0.0502
HAR,4,0.1,FFT,0.936185,0.937837,0.936584,0.935045,1103366,1.89,0.0382
HAR,4,0.2,ZeroShot,0.956551,0.958131,0.955739,0.956571,0,0.00,0.0378
HAR,4,0.2,VarFilter,0.942295,0.943894,0.940648,0.941598,0,0.00,0.0425
HAR,4,0.2,MIFilter,0.892736,0.899776,0.894125,0.893715,0,0.00,0.0409
HAR,4,0.2,LR,0.939579,0.940425,0.939312,0.939403,3372,0.03,0.0013
HAR,4,0.2,SVM,0.934148,0.933710,0.934150,0.933661,116030,0.01,0.0860
HAR,4,0.2,RF,0.931432,0.928906,0.928056,0.928164,8954,0.31,0.0266
HAR,4,0.2,LinearProbe,0.964698,0.965228,0.963717,0.964278,3078,0.25,0.0363
HAR,4,0.2,BitFit,0.956551,0.958131,0.955739,0.956571,1542,0.22,0.0375
HAR,4,0.2,SSF,0.956551,0.958131,0.955739,0.956571,4194,0.46,0.0560
HAR,4,0.2,Adapter,0.956551,0.958131,0.955739,0.956571,66112,0.22,0.0504
HAR,4,0.2,LoRA,0.956551,0.958131,0.955739,0.956571,14556,0.56,0.0476
HAR,4,0.2,LFW(ours),0.956551,0.958131,0.955739,0.956571,561,0.57,0.0397
HAR,4,0.2,FFT,0.938221,0.940868,0.936927,0.934831,1103366,2.38,0.0406
HAR,4,0.5,ZeroShot,0.956551,0.958131,0.955739,0.956571,0,0.00,0.0410
HAR,4,0.5,VarFilter,0.940258,0.944051,0.937007,0.938532,0,0.00,0.0411
HAR,4,0.5,MIFilter,0.897488,0.902746,0.898002,0.898018,0,0.00,0.0528
HAR,4,0.5,LR,0.971487,0.971835,0.971649,0.971731,3372,0.08,0.0013
HAR,4,0.5,SVM,0.966735,0.966856,0.967896,0.967121,233758,0.05,0.1769
HAR,4,0.5,RF,0.963340,0.963246,0.963065,0.962826,17412,0.47,0.0290
HAR,4,0.5,LinearProbe,0.964698,0.965690,0.964628,0.964568,3078,0.88,0.0396
HAR,4,0.5,BitFit,0.956551,0.958131,0.955739,0.956571,1542,0.56,0.0394
HAR,4,0.5,SSF,0.955872,0.956203,0.956278,0.955934,4194,1.60,0.0552
HAR,4,0.5,Adapter,0.970808,0.971023,0.970609,0.970628,66112,1.94,0.0485
HAR,4,0.5,LoRA,0.974202,0.974489,0.974611,0.974272,14556,2.76,0.0473
HAR,4,0.5,LFW(ours),0.968771,0.969541,0.968866,0.968993,561,2.05,0.0452
HAR,4,0.5,FFT,0.968771,0.968941,0.969101,0.968590,1103366,7.06,0.0390
HAR,4,1.0,ZeroShot,0.956551,0.958131,0.955739,0.956571,0,0.00,0.0415
HAR,4,1.0,VarFilter,0.939579,0.942560,0.936292,0.937722,0,0.00,0.0411
HAR,4,1.0,MIFilter,0.905635,0.907935,0.904684,0.905293,0,0.00,0.0452
HAR,4,1.0,LR,0.974202,0.974765,0.974635,0.974608,3372,0.12,0.0013
HAR,4,1.0,SVM,0.972166,0.972326,0.973309,0.972608,365636,0.13,0.2867
HAR,4,1.0,RF,0.970808,0.970387,0.970632,0.970369,27100,0.94,0.0322
HAR,4,1.0,LinearProbe,0.977597,0.978107,0.977536,0.977755,3078,2.67,0.0396
HAR,4,1.0,BitFit,0.953157,0.953773,0.953082,0.953208,1542,2.41,0.0412
HAR,4,1.0,SSF,0.960625,0.960857,0.960878,0.960788,4194,5.58,0.0702
HAR,4,1.0,Adapter,0.979633,0.979965,0.979523,0.979676,66112,3.05,0.0497
HAR,4,1.0,LoRA,0.980991,0.981221,0.981051,0.981037,14556,5.47,0.0504
HAR,4,1.0,LFW(ours),0.979633,0.980225,0.980243,0.980039,561,4.52,0.0478
HAR,4,1.0,FFT,0.980312,0.980911,0.981117,0.980663,1103366,14.56,0.0401
Bank,0,0.05,ZeroShot,0.843051,0.679415,0.772279,0.707731,0,0.00,0.0122
Bank,0,0.05,VarFilter,0.830487,0.667002,0.765143,0.693989,0,0.00,0.0118
Bank,0,0.05,MIFilter,0.835177,0.673293,0.773873,0.701497,0,0.00,0.0114
Bank,0,0.05,LR,0.893391,0.753674,0.661977,0.693247,52,0.39,0.0003
Bank,0,0.05,SVM,0.885163,0.733679,0.573329,0.595908,5772,0.00,0.0132
Bank,0,0.05,RF,0.893391,0.765600,0.627493,0.662953,19764,0.26,0.0052
Bank,0,0.05,LinearProbe,0.883394,0.716994,0.647997,0.672665,514,0.17,0.0140
Bank,0,0.05,BitFit,0.844731,0.679108,0.765890,0.706567,770,0.46,0.0120
Bank,0,0.05,SSF,0.843051,0.679415,0.772279,0.707731,1638,0.24,0.0188
Bank,0,0.05,Adapter,0.885959,0.729321,0.728002,0.728658,16672,0.19,0.0132
Bank,0,0.05,LoRA,0.858179,0.678207,0.710626,0.692040,6356,0.48,0.0106
Bank,0,0.05,LFW(ours),0.843051,0.679415,0.772279,0.707731,51,0.36,0.0111
Bank,0,0.05,FFT,0.848801,0.643804,0.647188,0.645460,158466,0.90,0.0106
Bank,0,0.1,ZeroShot,0.843051,0.679415,0.772279,0.707731,0,0.00,0.0128
Bank,0,0.1,VarFilter,0.831018,0.666902,0.763529,0.693770,0,0.00,0.0130
Bank,0,0.1,MIFilter,0.832434,0.675968,0.789877,0.705356,0,0.00,0.0133
Bank,0,0.1,LR,0.897461,0.768384,0.672910,0.705924,52,0.52,0.0001
Bank,0,0.1,SVM,0.881094,0.739015,0.509393,0.488311,11648,0.02,0.0316
Bank,0,0.1,RF,0.894187,0.763412,0.642314,0.677501,41054,0.49,0.0075
Bank,0,0.1,LinearProbe,0.835973,0.677734,0.786778,0.707251,514,0.27,0.0169
Bank,0,0.1,BitFit,0.842785,0.678312,0.769255,0.706248,770,0.44,0.0148
Bank,0,0.1,SSF,0.843051,0.679415,0.772279,0.707731,1638,0.45,0.0167
Bank,0,0.1,Adapter,0.860037,0.694585,0.764366,0.720034,16672,0.32,0.0140
Bank,0,0.1,LoRA,0.843051,0.679415,0.772279,0.707731,6356,0.46,0.0111
Bank,0,0.1,LFW(ours),0.891445,0.744590,0.670451,0.697792,51,0.82,0.0117
Bank,0,0.1,FFT,0.856321,0.678046,0.718511,0.694611,158466,2.27,0.0116
Bank,0,0.2,ZeroShot,0.843051,0.679415,0.772279,0.707731,0,0.00,0.0122
Bank,0,0.2,VarFilter,0.829514,0.665598,0.762994,0.692297,0,0.00,0.0104
Bank,0,0.2,MIFilter,0.820667,0.669819,0.795965,0.697637,0,0.00,0.0110
Bank,0,0.2,LR,0.898169,0.774298,0.665649,0.701077,52,0.65,0.0001
Bank,0,0.2,SVM,0.880386,0.700592,0.504201,0.477589,23816,0.10,0.0604
Bank,0,0.2,RF,0.894807,0.779424,0.620634,0.657246,82182,0.41,0.0063
Bank,0,0.2,LinearProbe,0.869681,0.708815,0.774313,0.733902,514,0.57,0.0103
Bank,0,0.2,BitFit,0.848093,0.681212,0.762052,0.707937,770,1.04,0.0104
Bank,0,0.2,SSF,0.882421,0.723502,0.741637,0.731999,1638,1.67,0.0161
Bank,0,0.2,Adapter,0.878616,0.718415,0.753845,0.733936,16672,1.12,0.0136
Bank,0,0.2,LoRA,0.885075,0.725658,0.707384,0.715919,6356,1.67,0.0103
Bank,0,0.2,LFW(ours),0.892329,0.747868,0.670634,0.698829,51,1.35,0.0103
Bank,0,0.2,FFT,0.838981,0.661204,0.724627,0.682973,158466,3.85,0.0097
Bank,0,0.5,ZeroShot,0.843051,0.679415,0.772279,0.707731,0,0.00,0.0124
Bank,0,0.5,VarFilter,0.829603,0.666181,0.764641,0.693046,0,0.00,0.0110
Bank,0,0.5,MIFilter,0.823410,0.669095,0.787944,0.696980,0,0.00,0.0119
Bank,0,0.5,LR,0.897992,0.773475,0.665548,0.700810,52,0.97,0.0001
Bank,0,0.5,SVM,0.881270,0.752264,0.509493,0.488390,58396,0.54,0.1368
Bank,0,0.5,RF,0.897461,0.777207,0.651198,0.688441,196022,0.48,0.0075
Bank,0,0.5,LinearProbe,0.835973,0.677734,0.786778,0.707251,514,0.97,0.0143
Bank,0,0.5,BitFit,0.843051,0.679415,0.772279,0.707731,770,1.26,0.0109
Bank,0,0.5,SSF,0.843051,0.679415,0.772279,0.707731,1638,1.84,0.0181
Bank,0,0.5,Adapter,0.843051,0.679415,0.772279,0.707731,16672,1.06,0.0135
Bank,0,0.5,LoRA,0.843051,0.679415,0.772279,0.707731,6356,2.12,0.0102
Bank,0,0.5,LFW(ours),0.843051,0.679415,0.772279,0.707731,51,2.54,0.0105
Bank,0,0.5,FFT,0.867292,0.702609,0.759865,0.725109,158466,8.46,0.0100
Bank,0,1.0,ZeroShot,0.843051,0.679415,0.772279,0.707731,0,0.00,0.0100
Bank,0,1.0,VarFilter,0.829603,0.666181,0.764641,0.693046,0,0.00,0.0097
Bank,0,1.0,MIFilter,0.822260,0.670022,0.793358,0.698017,0,0.00,0.0099
Bank,0,1.0,LR,0.897726,0.773395,0.662524,0.698122,52,2.84,0.0001
Bank,0,1.0,SVM,0.880209,0.685039,0.506655,0.483124,114868,2.32,0.2505
Bank,0,1.0,RF,0.899850,0.784441,0.662453,0.700310,377490,0.56,0.0070
Bank,0,1.0,LinearProbe,0.882598,0.724007,0.743015,0.732886,514,1.82,0.0108
Bank,0,1.0,BitFit,0.843051,0.679415,0.772279,0.707731,770,2.62,0.0101
Bank,0,1.0,SSF,0.843051,0.679415,0.772279,0.707731,1638,3.57,0.0162
Bank,0,1.0,Adapter,0.886490,0.730443,0.727345,0.728878,16672,6.85,0.0157
Bank,0,1.0,LoRA,0.883836,0.724914,0.729350,0.727097,6356,13.98,0.0181
Bank,0,1.0,LFW(ours),0.843051,0.679415,0.772279,0.707731,51,11.07,0.0150
Bank,0,1.0,FFT,0.869504,0.691418,0.694708,0.693039,158466,24.97,0.0127
Bank,1,0.05,ZeroShot,0.866319,0.693047,0.723551,0.706392,0,0.00,0.0127
Bank,1,0.05,VarFilter,0.859683,0.682662,0.719463,0.698112,0,0.00,0.0111
Bank,1,0.05,MIFilter,0.852252,0.678296,0.736316,0.699938,0,0.00,0.0111
Bank,1,0.05,LR,0.890383,0.752902,0.614929,0.647895,52,0.37,0.0001
Bank,1,0.05,SVM,0.880297,0.440149,0.500000,0.468169,6552,0.01,0.0161
Bank,1,0.05,RF,0.887287,0.804135,0.545479,0.554516,23360,0.32,0.0052
Bank,1,0.05,LinearProbe,0.863576,0.690349,0.728699,0.706487,514,0.14,0.0105
Bank,1,0.05,BitFit,0.866319,0.693047,0.723551,0.706392,770,0.16,0.0098
Bank,1,0.05,SSF,0.861984,0.684039,0.712787,0.696610,1638,0.29,0.0168
Bank,1,0.05,Adapter,0.883482,0.719713,0.683170,0.698878,16672,0.21,0.0149
Bank,1,0.05,LoRA,0.866319,0.693047,0.723551,0.706392,6356,0.32,0.0106
Bank,1,0.05,LFW(ours),0.878705,0.710371,0.699934,0.704940,51,0.50,0.0107
Bank,1,0.05,FFT,0.850394,0.662685,0.692474,0.675317,158466,1.97,0.0104
Bank,1,0.1,ZeroShot,0.866319,0.693047,0.723551,0.706392,0,0.00,0.0100
Bank,1,0.1,VarFilter,0.859772,0.682794,0.719513,0.698218,0,0.00,0.0102
Bank,1,0.1,MIFilter,0.850394,0.678792,0.745159,0.702455,0,0.00,0.0094
Bank,1,0.1,LR,0.893391,0.754254,0.659423,0.691213,52,0.39,0.0000
Bank,1,0.1,SVM,0.879678,0.660255,0.507631,0.485649,12168,0.02,0.0259
Bank,1,0.1,RF,0.891976,0.774407,0.599549,0.632051,40638,0.27,0.0044
Bank,1,0.1,LinearProbe,0.860303,0.684945,0.724924,0.701519,514,0.24,0.0090
Bank,1,0.1,BitFit,0.866584,0.693404,0.723383,0.706554,770,0.26,0.0087
Bank,1,0.1,SSF,0.876758,0.704189,0.687653,0.695362,1638,0.77,0.0155
Bank,1,0.1,Adapter,0.861099,0.687363,0.730165,0.704927,16672,0.23,0.0116
Bank,1,0.1,LoRA,0.883040,0.714950,0.631831,0.658538,6356,0.95,0.0098
Bank,1,0.1,LFW(ours),0.881094,0.713654,0.683729,0.696928,51,0.64,0.0097
Bank,1,0.1,FFT,0.867823,0.680633,0.664697,0.672056,158466,2.56,0.0109
Bank,1,0.2,ZeroShot,0.866319,0.693047,0.723551,0.706392,0,0.00,0.0105
Bank,1,0.2,VarFilter,0.859772,0.682794,0.719513,0.698218,0,0.00,0.0100
Bank,1,0.2,MIFilter,0.739538,0.630233,0.776706,0.631259,0,0.00,0.0099
Bank,1,0.2,LR,0.896045,0.764395,0.665401,0.698651,52,0.51,0.0001
Bank,1,0.2,SVM,0.882067,0.731837,0.524633,0.518416,23140,0.06,0.0538
Bank,1,0.2,RF,0.893833,0.768931,0.626467,0.662319,78546,0.33,0.0062
Bank,1,0.2,LinearProbe,0.863576,0.690349,0.728699,0.706487,514,0.37,0.0103
Bank,1,0.2,BitFit,0.869592,0.696098,0.714554,0.704630,770,1.26,0.0116
Bank,1,0.2,SSF,0.876404,0.703841,0.690006,0.696533,1638,2.34,0.0182
Bank,1,0.2,Adapter,0.867823,0.693159,0.714188,0.702756,16672,0.71,0.0135
Bank,1,0.2,LoRA,0.866142,0.696482,0.739416,0.714310,6356,1.05,0.0111
Bank,1,0.2,LFW(ours),0.883482,0.717761,0.656349,0.679411,51,2.79,0.0124
Bank,1,0.2,FFT,0.877112,0.704506,0.684980,0.693961,158466,2.92,0.0099
Bank,1,0.5,ZeroShot,0.866319,0.693047,0.723551,0.706392,0,0.00,0.0109
Bank,1,0.5,VarFilter,0.859772,0.682794,0.719513,0.698218,0,0.00,0.0098
Bank,1,0.5,MIFilter,0.755198,0.634238,0.776022,0.641677,0,0.00,0.0099
Bank,1,0.5,LR,0.897107,0.773690,0.654509,0.690900,52,0.80,0.0000
Bank,1,0.5,SVM,0.880209,0.671115,0.501866,0.472519,57824,0.41,0.1229
Bank,1,0.5,RF,0.897461,0.785263,0.637787,0.676418,196832,0.39,0.0071
Bank,1,0.5,LinearProbe,0.879678,0.711436,0.692504,0.701267,514,1.16,0.0100
Bank,1,0.5,BitFit,0.876316,0.705781,0.702089,0.703908,770,3.45,0.0090
Bank,1,0.5,SSF,0.874104,0.708054,0.736914,0.720925,1638,5.18,0.0166
Bank,1,0.5,Adapter,0.871185,0.698811,0.714820,0.706300,16672,1.36,0.0122
Bank,1,0.5,LoRA,0.888437,0.734015,0.705461,0.718314,6356,9.66,0.0102
Bank,1,0.5,LFW(ours),0.887729,0.731937,0.698674,0.713336,51,6.88,0.0097
Bank,1,0.5,FFT,0.878174,0.710942,0.710808,0.710875,158466,16.87,0.0095
Bank,1,1.0,ZeroShot,0.866319,0.693047,0.723551,0.706392,0,0.00,0.0107
Bank,1,1.0,VarFilter,0.859772,0.682794,0.719513,0.698218,0,0.00,0.0104
Bank,1,1.0,MIFilter,0.854817,0.681444,0.737134,0.702631,0,0.00,0.0122
Bank,1,1.0,LR,0.897638,0.778479,0.650660,0.688155,52,1.69,0.0001
Bank,1,1.0,SVM,0.880386,0.702429,0.503563,0.476167,114088,1.75,0.2556
Bank,1,1.0,RF,0.899407,0.789042,0.650387,0.689701,376780,0.56,0.0065
Bank,1,1.0,LinearProbe,0.863576,0.690349,0.728699,0.706487,514,1.44,0.0101
Bank,1,1.0,BitFit,0.881182,0.716041,0.701660,0.708458,770,12.36,0.0107
Bank,1,1.0,SSF,0.866319,0.693047,0.723551,0.706392,1638,3.15,0.0152
Bank,1,1.0,Adapter,0.876139,0.703080,0.688898,0.695576,16672,3.28,0.0124
Bank,1,1.0,LoRA,0.880917,0.712894,0.681074,0.694974,6356,3.68,0.0105
Bank,1,1.0,LFW(ours),0.866319,0.693047,0.723551,0.706392,51,4.91,0.0112
Bank,1,1.0,FFT,0.884809,0.727193,0.731819,0.729469,158466,24.56,0.0100
Bank,2,0.05,ZeroShot,0.886933,0.731429,0.727277,0.729324,0,0.00,0.0108
Bank,2,0.05,VarFilter,0.880297,0.716593,0.720316,0.718429,0,0.00,0.0127
Bank,2,0.05,MIFilter,0.874104,0.711752,0.757029,0.730711,0,0.00,0.0131
Bank,2,0.05,LR,0.886225,0.730844,0.606819,0.636424,52,0.52,0.0001
Bank,2,0.05,SVM,0.880209,0.440143,0.499950,0.468144,6552,0.02,0.0150
Bank,2,0.05,RF,0.888260,0.761590,0.575726,0.600266,22426,0.27,0.0051
Bank,2,0.05,LinearProbe,0.872158,0.701305,0.718885,0.709484,514,0.23,0.0099
Bank,2,0.05,BitFit,0.886933,0.731429,0.727277,0.729324,770,0.18,0.0100
Bank,2,0.05,SSF,0.883128,0.723624,0.730864,0.727152,1638,0.36,0.0166
Bank,2,0.05,Adapter,0.890206,0.738799,0.710298,0.723166,16672,0.31,0.0135
Bank,2,0.05,LoRA,0.886933,0.731429,0.727277,0.729324,6356,0.25,0.0105
Bank,2,0.05,LFW(ours),0.891622,0.743287,0.693221,0.713954,51,0.63,0.0104
Bank,2,0.05,FFT,0.870388,0.678836,0.639333,0.655116,158466,1.53,0.0093
Bank,2,0.1,ZeroShot,0.886933,0.731429,0.727277,0.729324,0,0.00,0.0090
Bank,2,0.1,VarFilter,0.880297,0.716375,0.718719,0.717537,0,0.00,0.0092
Bank,2,0.1,MIFilter,0.879678,0.718246,0.740399,0.728450,0,0.00,0.0093
Bank,2,0.1,LR,0.896665,0.766588,0.667349,0.700819,52,0.37,0.0001
Bank,2,0.1,SVM,0.878528,0.581786,0.503146,0.476921,11908,0.02,0.0320
Bank,2,0.1,RF,0.892153,0.764647,0.614656,0.648935,41358,0.31,0.0053
Bank,2,0.1,LinearProbe,0.883659,0.726292,0.745215,0.735142,514,0.18,0.0108
Bank,2,0.1,BitFit,0.886933,0.731429,0.727277,0.729324,770,0.28,0.0101
Bank,2,0.1,SSF,0.886933,0.731429,0.727277,0.729324,1638,0.37,0.0216
Bank,2,0.1,Adapter,0.877555,0.716764,0.754519,0.733133,16672,0.35,0.0136
Bank,2,0.1,LoRA,0.886933,0.731429,0.727277,0.729324,6356,0.47,0.0101
Bank,2,0.1,LFW(ours),0.881713,0.724416,0.758797,0.739605,51,0.59,0.0104
Bank,2,0.1,FFT,0.862691,0.677354,0.684772,0.680933,158466,3.47,0.0103
Bank,2,0.2,ZeroShot,0.886933,0.731429,0.727277,0.729324,0,0.00,0.0098
Bank,2,0.2,VarFilter,0.880297,0.716375,0.718719,0.717537,0,0.00,0.0114
Bank,2,0.2,MIFilter,0.876670,0.710587,0.726238,0.717953,0,0.00,0.0107
Bank,2,0.2,LR,0.898611,0.776373,0.665900,0.701747,52,0.68,0.0001
Bank,2,0.2,SVM,0.880209,0.687529,0.510487,0.491284,23192,0.07,0.0569
Bank,2,0.2,RF,0.897549,0.783425,0.641350,0.679797,80306,0.36,0.0073
Bank,2,0.2,LinearProbe,0.846412,0.679229,0.760778,0.705882,514,0.61,0.0122
Bank,2,0.2,BitFit,0.886933,0.731429,0.727277,0.729324,770,0.54,0.0110
Bank,2,0.2,SSF,0.884632,0.728138,0.744809,0.736002,1638,1.49,0.0155
Bank,2,0.2,Adapter,0.886933,0.731429,0.727277,0.729324,16672,0.36,0.0124
Bank,2,0.2,LoRA,0.833496,0.667084,0.757912,0.693499,6356,0.87,0.0108
Bank,2,0.2,LFW(ours),0.885959,0.730158,0.737900,0.733927,51,1.01,0.0092
Bank,2,0.2,FFT,0.830930,0.661552,0.746875,0.686633,158466,7.13,0.0092
Bank,2,0.5,ZeroShot,0.886933,0.731429,0.727277,0.729324,0,0.00,0.0106
Bank,2,0.5,VarFilter,0.880297,0.716375,0.718719,0.717537,0,0.00,0.0108
Bank,2,0.5,MIFilter,0.841193,0.681964,0.786869,0.711898,0,0.00,0.0105
Bank,2,0.5,LR,0.897638,0.774891,0.658003,0.694351,52,1.20,0.0002
Bank,2,0.5,SVM,0.880120,0.671312,0.503731,0.476785,58552,0.62,0.1483
Bank,2,0.5,RF,0.895603,0.777443,0.631304,0.668565,196696,0.45,0.0076
Bank,2,0.5,LinearProbe,0.884455,0.724486,0.710863,0.717340,514,1.98,0.0105
Bank,2,0.5,BitFit,0.887817,0.733010,0.719478,0.725929,770,2.15,0.0106
Bank,2,0.5,SSF,0.875520,0.709937,0.734205,0.720975,1638,2.68,0.0152
Bank,2,0.5,Adapter,0.887552,0.732956,0.729226,0.731067,16672,1.72,0.0128
Bank,2,0.5,LoRA,0.886933,0.731429,0.727277,0.729324,6356,1.93,0.0098
Bank,2,0.5,LFW(ours),0.886933,0.731429,0.727277,0.729324,51,2.25,0.0103
Bank,2,0.5,FFT,0.878528,0.716482,0.742300,0.728199,158466,7.22,0.0137
Bank,2,1.0,ZeroShot,0.886933,0.731429,0.727277,0.729324,0,0.00,0.0110
Bank,2,1.0,VarFilter,0.881270,0.718639,0.720868,0.719744,0,0.00,0.0142
Bank,2,1.0,MIFilter,0.877378,0.716354,0.753780,0.732596,0,0.00,0.0137
Bank,2,1.0,LR,0.897461,0.776090,0.653433,0.690349,52,2.48,0.0001
Bank,2,1.0,SVM,0.880297,0.690553,0.503832,0.476848,115128,3.69,0.3160
Bank,2,1.0,RF,0.897992,0.778682,0.654054,0.691413,383364,0.66,0.0091
Bank,2,1.0,LinearProbe,0.883659,0.726292,0.745215,0.735142,514,2.33,0.0159
Bank,2,1.0,BitFit,0.886933,0.731429,0.727277,0.729324,770,4.87,0.0165
Bank,2,1.0,SSF,0.886933,0.731429,0.727277,0.729324,1638,5.01,0.0180
Bank,2,1.0,Adapter,0.886933,0.731429,0.727277,0.729324,16672,2.96,0.0350
Bank,2,1.0,LoRA,0.886933,0.731429,0.727277,0.729324,6356,6.65,0.0157
Bank,2,1.0,LFW(ours),0.886933,0.731429,0.727277,0.729324,51,4.82,0.0104
Bank,2,1.0,FFT,0.888791,0.734971,0.706301,0.719207,158466,18.42,0.0108
Bank,3,0.05,ZeroShot,0.883217,0.723667,0.729637,0.726589,0,0.00,0.0105
Bank,3,0.05,VarFilter,0.874812,0.707097,0.725182,0.715515,0,0.00,0.0101
Bank,3,0.05,MIFilter,0.862072,0.697124,0.764883,0.722224,0,0.00,0.0089
Bank,3,0.05,LR,0.888702,0.743649,0.612377,0.644006,52,0.31,0.0000
Bank,3,0.05,SVM,0.880209,0.440143,0.499950,0.468144,6396,0.01,0.0137
Bank,3,0.05,RF,0.887729,0.804699,0.548284,0.559194,23422,0.25,0.0052
Bank,3,0.05,LinearProbe,0.876847,0.714909,0.750286,0.730366,514,0.10,0.0097
Bank,3,0.05,BitFit,0.883217,0.723667,0.729637,0.726589,770,0.15,0.0090
Bank,3,0.05,SSF,0.883217,0.723667,0.729637,0.726589,1638,0.18,0.0147
Bank,3,0.05,Adapter,0.883217,0.723667,0.729637,0.726589,16672,0.12,0.0116
Bank,3,0.05,LoRA,0.834646,0.670660,0.766547,0.698069,6356,0.26,0.0093
Bank,3,0.05,LFW(ours),0.884721,0.721472,0.643004,0.669657,51,0.59,0.0097
Bank,3,0.05,FFT,0.885075,0.722903,0.655338,0.680058,158466,1.62,0.0088
Bank,3,0.1,ZeroShot,0.883217,0.723667,0.729637,0.726589,0,0.00,0.0093
Bank,3,0.1,VarFilter,0.874989,0.706904,0.722409,0.714195,0,0.00,0.0088
Bank,3,0.1,MIFilter,0.889587,0.738113,0.668118,0.694186,0,0.00,0.0092
Bank,3,0.1,LR,0.891887,0.750948,0.645158,0.677874,52,0.37,0.0001
Bank,3,0.1,SVM,0.879855,0.551301,0.500387,0.469506,12220,0.03,0.0260
Bank,3,0.1,RF,0.891710,0.785625,0.586945,0.616520,42816,0.27,0.0052
Bank,3,0.1,LinearProbe,0.889587,0.740963,0.642894,0.673820,514,0.37,0.0097
Bank,3,0.1,BitFit,0.883217,0.723667,0.729637,0.726589,770,0.23,0.0095
Bank,3,0.1,SSF,0.893303,0.757754,0.645324,0.679333,1638,0.38,0.0144
Bank,3,0.1,Adapter,0.885783,0.726528,0.693736,0.708161,16672,0.56,0.0125
Bank,3,0.1,LoRA,0.891268,0.743367,0.676098,0.701759,6356,0.80,0.0096
Bank,3,0.1,LFW(ours),0.883217,0.723667,0.729637,0.726589,51,0.49,0.0096
Bank,3,0.1,FFT,0.850836,0.682801,0.757863,0.708589,158466,1.88,0.0094
Bank,3,0.2,ZeroShot,0.883217,0.723667,0.729637,0.726589,0,0.00,0.0096
Bank,3,0.2,VarFilter,0.874989,0.706904,0.722409,0.714195,0,0.00,0.0094
Bank,3,0.2,MIFilter,0.855790,0.689495,0.763231,0.715513,0,0.00,0.0095
Bank,3,0.2,LR,0.896842,0.778898,0.641586,0.679338,52,0.50,0.0000
Bank,3,0.2,SVM,0.880386,0.940188,0.500370,0.468930,24232,0.09,0.0511
Bank,3,0.2,RF,0.898257,0.800457,0.626745,0.666406,83828,0.31,0.0052
Bank,3,0.2,LinearProbe,0.876847,0.714909,0.750286,0.730366,514,0.27,0.0089
Bank,3,0.2,BitFit,0.884102,0.725191,0.726627,0.725905,770,0.64,0.0083
Bank,3,0.2,SSF,0.878528,0.717419,0.748367,0.731200,1638,1.65,0.0143
Bank,3,0.2,Adapter,0.887110,0.730920,0.712371,0.721043,16672,0.70,0.0117
Bank,3,0.2,LoRA,0.879147,0.712761,0.709764,0.711245,6356,2.24,0.0094
Bank,3,0.2,LFW(ours),0.888348,0.733788,0.669331,0.693869,51,1.00,0.0090
Bank,3,0.2,FFT,0.876493,0.702569,0.681755,0.691261,158466,7.91,0.0090
Bank,3,0.5,ZeroShot,0.883217,0.723667,0.729637,0.726589,0,0.00,0.0087
Bank,3,0.5,VarFilter,0.874989,0.706904,0.722409,0.714195,0,0.00,0.0088
Bank,3,0.5,MIFilter,0.878174,0.716182,0.744334,0.728843,0,0.00,0.0092
Bank,3,0.5,LR,0.898523,0.779800,0.657548,0.694888,52,0.80,0.0000
Bank,3,0.5,SVM,0.879855,0.669071,0.508050,0.486405,57668,0.48,0.1210
Bank,3,0.5,RF,0.899761,0.789807,0.652504,0.691898,191026,0.39,0.0061
Bank,3,0.5,LinearProbe,0.876847,0.714909,0.750286,0.730366,514,0.68,0.0094
Bank,3,0.5,BitFit,0.883217,0.723667,0.729637,0.726589,770,1.02,0.0089
Bank,3,0.5,SSF,0.891356,0.742380,0.694986,0.714826,1638,2.78,0.0149
Bank,3,0.5,Adapter,0.883217,0.723667,0.729637,0.726589,16672,0.83,0.0119
Bank,3,0.5,LoRA,0.875166,0.712022,0.749331,0.728158,6356,2.15,0.0091
Bank,3,0.5,LFW(ours),0.883217,0.723667,0.729637,0.726589,51,2.05,0.0095
Bank,3,0.5,FFT,0.886756,0.728580,0.670342,0.693058,158466,10.68,0.0093
Bank,3,1.0,ZeroShot,0.883217,0.723667,0.729637,0.726589,0,0.00,0.0086
Bank,3,1.0,VarFilter,0.874812,0.707097,0.725182,0.715515,0,0.00,0.0091
Bank,3,1.0,MIFilter,0.877555,0.716248,0.751326,0.731609,0,0.00,0.0092
Bank,3,1.0,LR,0.897195,0.773557,0.655836,0.692101,52,1.48,0.0000
Bank,3,1.0,SVM,0.880651,0.717195,0.506906,0.483304,114712,1.84,0.2416
Bank,3,1.0,RF,0.901088,0.791089,0.662837,0.701954,375698,0.54,0.0069
Bank,3,1.0,LinearProbe,0.876847,0.714909,0.750286,0.730366,514,1.25,0.0094
Bank,3,1.0,BitFit,0.883217,0.723667,0.729637,0.726589,770,1.91,0.0090
Bank,3,1.0,SSF,0.881182,0.719151,0.726246,0.722608,1638,3.32,0.0146
Bank,3,1.0,Adapter,0.876758,0.714809,0.750555,0.730403,16672,2.87,0.0118
Bank,3,1.0,LoRA,0.872246,0.708954,0.756932,0.728756,6356,3.56,0.0088
Bank,3,1.0,LFW(ours),0.883217,0.723667,0.729637,0.726589,51,4.00,0.0103
Bank,3,1.0,FFT,0.865169,0.704812,0.782287,0.732702,158466,10.82,0.0089
Bank,4,0.05,ZeroShot,0.879766,0.716762,0.728954,0.722588,0,0.00,0.0098
Bank,4,0.05,VarFilter,0.870565,0.698311,0.717342,0.707098,0,0.00,0.0096
Bank,4,0.05,MIFilter,0.861895,0.689102,0.732853,0.707019,0,0.00,0.0100
Bank,4,0.05,LR,0.891887,0.759875,0.620253,0.654518,52,0.33,0.0000
Bank,4,0.05,SVM,0.879766,0.643680,0.503849,0.477366,6760,0.01,0.0144
Bank,4,0.05,RF,0.891268,0.788099,0.581585,0.609347,22594,0.25,0.0053
Bank,4,0.05,LinearProbe,0.851632,0.685994,0.766617,0.713116,514,0.20,0.0095
Bank,4,0.05,BitFit,0.879766,0.716762,0.728954,0.722588,770,0.15,0.0095
Bank,4,0.05,SSF,0.883040,0.717935,0.676214,0.693668,1638,0.60,0.0153
Bank,4,0.05,Adapter,0.886313,0.727770,0.689887,0.706195,16672,0.35,0.0122
Bank,4,0.05,LoRA,0.877643,0.697719,0.638345,0.659906,6356,0.48,0.0093
Bank,4,0.05,LFW(ours),0.895426,0.758849,0.676544,0.706442,51,0.44,0.0098
Bank,4,0.05,FFT,0.867380,0.680517,0.667319,0.673502,158466,1.31,0.0096
Bank,4,0.1,ZeroShot,0.879766,0.716762,0.728954,0.722588,0,0.00,0.0096
Bank,4,0.1,VarFilter,0.870831,0.698580,0.716535,0.706909,0,0.00,0.0094
Bank,4,0.1,MIFilter,0.856941,0.683160,0.734190,0.703119,0,0.00,0.0094
Bank,4,0.1,LR,0.894984,0.767116,0.643724,0.679503,52,0.37,0.0001
Bank,4,0.1,SVM,0.880032,0.632609,0.501446,0.471739,12324,0.02,0.0262
Bank,4,0.1,RF,0.894276,0.789805,0.604687,0.639521,43384,0.26,0.0042
Bank,4,0.1,LinearProbe,0.869061,0.701181,0.741713,0.718288,514,0.16,0.0092
Bank,4,0.1,BitFit,0.882598,0.722032,0.726412,0.724188,770,0.51,0.0089
Bank,4,0.1,SSF,0.883394,0.719888,0.687909,0.701952,1638,0.41,0.0147
Bank,4,0.1,Adapter,0.883394,0.725546,0.743148,0.733815,16672,0.44,0.0121
Bank,4,0.1,LoRA,0.879766,0.716762,0.728954,0.722588,6356,0.40,0.0091
Bank,4,0.1,LFW(ours),0.883571,0.726742,0.750592,0.737704,51,0.59,0.0096
Bank,4,0.1,FFT,0.822437,0.665485,0.778451,0.692589,158466,1.76,0.0099
Bank,4,0.2,ZeroShot,0.879766,0.716762,0.728954,0.722588,0,0.00,0.0092
Bank,4,0.2,VarFilter,0.870831,0.698580,0.716535,0.706909,0,0.00,0.0096
Bank,4,0.2,MIFilter,0.871981,0.701765,0.722616,0.711336,0,0.00,0.0095
Bank,4,0.2,LR,0.900115,0.781650,0.670905,0.707285,52,0.49,0.0001
Bank,4,0.2,SVM,0.879147,0.519128,0.500305,0.470021,26936,0.13,0.0569
Bank,4,0.2,RF,0.894984,0.778488,0.623608,0.660429,82952,0.28,0.0052
Bank,4,0.2,LinearProbe,0.866053,0.691087,0.717015,0.702647,514,1.17,0.0099
Bank,4,0.2,BitFit,0.879766,0.716762,0.728954,0.722588,770,0.43,0.0089
Bank,4,0.2,SSF,0.892329,0.744822,0.705757,0.722735,1638,1.15,0.0147
Bank,4,0.2,Adapter,0.890560,0.739827,0.701559,0.718178,16672,0.74,0.0121
Bank,4,0.2,LoRA,0.879766,0.716762,0.728954,0.722588,6356,0.71,0.0091
Bank,4,0.2,LFW(ours),0.892241,0.752147,0.646956,0.679754,51,1.80,0.0096
Bank,4,0.2,FFT,0.877466,0.706069,0.689651,0.697316,158466,4.03,0.0092
Bank,4,0.5,ZeroShot,0.879766,0.716762,0.728954,0.722588,0,0.00,0.0098
Bank,4,0.5,VarFilter,0.870831,0.698580,0.716535,0.706909,0,0.00,0.0092
Bank,4,0.5,MIFilter,0.852871,0.684638,0.756783,0.709967,0,0.00,0.0092
Bank,4,0.5,LR,0.898699,0.781209,0.656691,0.694357,52,0.79,0.0001
Bank,4,0.5,SVM,0.880917,0.782729,0.504503,0.477781,59644,0.54,0.1252
Bank,4,0.5,RF,0.898434,0.783348,0.650154,0.688515,193446,0.38,0.0062
Bank,4,0.5,LinearProbe,0.881447,0.715073,0.688400,0.700354,514,1.41,0.0096
Bank,4,0.5,BitFit,0.885959,0.728743,0.720658,0.724587,770,1.86,0.0093
Bank,4,0.5,SSF,0.879589,0.720662,0.757910,0.736896,1638,2.31,0.0145
Bank,4,0.5,Adapter,0.879766,0.716762,0.728954,0.722588,16672,0.82,0.0119
Bank,4,0.5,LoRA,0.879766,0.716762,0.728954,0.722588,6356,1.64,0.0091
Bank,4,0.5,LFW(ours),0.896930,0.760826,0.695279,0.721166,51,2.70,0.0095
Bank,4,0.5,FFT,0.854994,0.686583,0.755435,0.711318,158466,4.90,0.0091
Bank,4,1.0,ZeroShot,0.879766,0.716762,0.728954,0.722588,0,0.00,0.0093
Bank,4,1.0,VarFilter,0.870565,0.698311,0.717342,0.707098,0,0.00,0.0092
Bank,4,1.0,MIFilter,0.871096,0.703357,0.737440,0.718177,0,0.00,0.0094
Bank,4,1.0,LR,0.899584,0.783759,0.661025,0.698865,52,1.36,0.0001
Bank,4,1.0,SVM,0.880474,0.726143,0.502655,0.474048,117156,2.73,0.2455
Bank,4,1.0,RF,0.900911,0.794439,0.656031,0.696112,384620,0.58,0.0066
Bank,4,1.0,LinearProbe,0.856852,0.700144,0.801511,0.732109,514,1.66,0.0091
Bank,4,1.0,BitFit,0.888968,0.735708,0.716619,0.725541,770,3.87,0.0093
Bank,4,1.0,SSF,0.889321,0.737222,0.733424,0.735299,1638,3.53,0.0149
Bank,4,1.0,Adapter,0.886225,0.730145,0.731026,0.730584,16672,2.04,0.0114
Bank,4,1.0,LoRA,0.891091,0.741254,0.706330,0.721724,6356,6.42,0.0097
Bank,4,1.0,LFW(ours),0.879766,0.716762,0.728954,0.722588,51,3.93,0.0093
Bank,4,1.0,FFT,0.897726,0.760152,0.717762,0.736162,158466,26.99,0.0092
Adult,0,0.05,ZeroShot,0.852334,0.797916,0.784264,0.790670,0,0.00,0.0110
Adult,0,0.05,VarFilter,0.850369,0.794741,0.782798,0.788442,0,0.00,0.0114
Adult,0,0.05,MIFilter,0.843366,0.782025,0.792401,0.786941,0,0.00,0.0111
Adult,0,0.05,LR,0.829238,0.784993,0.698388,0.724567,109,0.00,0.0001
Adult,0,0.05,SVM,0.818428,0.758426,0.693286,0.714712,17222,0.00,0.0205
Adult,0,0.05,RF,0.829361,0.791629,0.690925,0.718878,6838,0.26,0.0060
Adult,0,0.05,LinearProbe,0.852826,0.802223,0.773990,0.786371,258,0.14,0.0113
Adult,0,0.05,BitFit,0.852334,0.797916,0.784264,0.790670,898,0.14,0.0112
Adult,0,0.05,SSF,0.855528,0.814026,0.762291,0.782720,2008,0.21,0.0185
Adult,0,0.05,Adapter,0.852457,0.801423,0.774108,0.786134,4240,0.14,0.0129
Adult,0,0.05,LoRA,0.853563,0.801528,0.780040,0.789769,7608,0.33,0.0116
Adult,0,0.05,LFW(ours),0.848403,0.790128,0.788874,0.789497,108,0.52,0.0121
Adult,0,0.05,FFT,0.852703,0.798727,0.783787,0.790757,220290,0.62,0.0115
Adult,0,0.1,ZeroShot,0.852334,0.797916,0.784264,0.790670,0,0.00,0.0114
Adult,0,0.1,VarFilter,0.849754,0.793832,0.782037,0.787614,0,0.00,0.0114
Adult,0,0.1,MIFilter,0.845332,0.786332,0.781655,0.783941,0,0.00,0.0115
Adult,0,0.1,LR,0.835749,0.788740,0.720070,0.743771,109,0.00,0.0002
Adult,0,0.1,SVM,0.829484,0.776638,0.712736,0.734909,30302,0.01,0.0365
Adult,0,0.1,RF,0.834398,0.787782,0.715773,0.740047,11876,0.27,0.0061
Adult,0,0.1,LinearProbe,0.854300,0.805809,0.772800,0.786980,258,0.18,0.0114
Adult,0,0.1,BitFit,0.853440,0.802253,0.777266,0.788396,898,0.27,0.0110
Adult,0,0.1,SSF,0.850860,0.798022,0.774679,0.785136,2008,0.38,0.0176
Adult,0,0.1,Adapter,0.851106,0.797579,0.777534,0.786655,4240,0.25,0.0134
Adult,0,0.1,LoRA,0.853931,0.803949,0.775433,0.787934,7608,0.54,0.0114
Adult,0,0.1,LFW(ours),0.848894,0.794840,0.772674,0.782644,108,0.64,0.0110
Adult,0,0.1,FFT,0.854668,0.805004,0.776633,0.789088,220290,1.02,0.0118
Adult,0,0.2,ZeroShot,0.852334,0.797916,0.784264,0.790670,0,0.00,0.0108
Adult,0,0.2,VarFilter,0.850369,0.794608,0.783337,0.788680,0,0.00,0.0115
Adult,0,0.2,MIFilter,0.850369,0.795693,0.779206,0.786832,0,0.00,0.0116
Adult,0,0.2,LR,0.840541,0.792984,0.733982,0.755751,109,0.01,0.0002
Adult,0,0.2,SVM,0.841769,0.796709,0.732990,0.756005,56462,0.04,0.0680
Adult,0,0.2,RF,0.841400,0.795896,0.732749,0.755601,22302,0.37,0.0072
Adult,0,0.2,LinearProbe,0.852457,0.801901,0.772851,0.785538,258,0.28,0.0115
Adult,0,0.2,BitFit,0.852826,0.800853,0.777762,0.788133,898,0.41,0.0111
Adult,0,0.2,SSF,0.852334,0.797916,0.784264,0.790670,2008,0.56,0.0178
Adult,0,0.2,Adapter,0.852334,0.801888,0.772232,0.785145,4240,0.32,0.0123
Adult,0,0.2,LoRA,0.852826,0.800134,0.779917,0.789120,7608,0.68,0.0113
Adult,0,0.2,LFW(ours),0.854668,0.807137,0.771605,0.786698,108,1.43,0.0124
Adult,0,0.2,FFT,0.854300,0.805427,0.773698,0.787409,220290,2.12,0.0117
Adult,0,0.5,ZeroShot,0.852334,0.797916,0.784264,0.790670,0,0.00,0.0107
Adult,0,0.5,VarFilter,0.850123,0.794476,0.782098,0.787935,0,0.00,0.0112
Adult,0,0.5,MIFilter,0.850614,0.795465,0.781702,0.788151,0,0.00,0.0110
Adult,0,0.5,LR,0.845946,0.801599,0.742728,0.764760,109,0.01,0.0001
Adult,0,0.5,SVM,0.847297,0.808020,0.738405,0.763196,129383,0.28,0.1560
Adult,0,0.5,RF,0.847912,0.810510,0.737370,0.763016,49522,0.31,0.0073
Adult,0,0.5,LinearProbe,0.854177,0.808873,0.765716,0.783404,258,0.81,0.0113
Adult,0,0.5,BitFit,0.854791,0.808467,0.769351,0.785697,898,1.22,0.0106
Adult,0,0.5,SSF,0.853440,0.807414,0.765234,0.782581,2008,2.04,0.0172
Adult,0,0.5,Adapter,0.855651,0.809699,0.770812,0.787098,4240,0.76,0.0116
Adult,0,0.5,LoRA,0.851720,0.802137,0.768418,0.782813,7608,1.85,0.0106
Adult,0,0.5,LFW(ours),0.852334,0.797916,0.784264,0.790670,108,1.62,0.0112
Adult,0,0.5,FFT,0.854300,0.808035,0.767952,0.784617,220290,3.87,0.0111
Adult,0,1.0,ZeroShot,0.852334,0.797916,0.784264,0.790670,0,0.00,0.0098
Adult,0,1.0,VarFilter,0.850123,0.794476,0.782098,0.787935,0,0.00,0.0113
Adult,0,1.0,MIFilter,0.848771,0.791610,0.784267,0.787812,0,0.00,0.0111
Adult,0,1.0,LR,0.849877,0.806703,0.750869,0.772264,109,0.04,0.0002
Adult,0,1.0,SVM,0.851843,0.810480,0.752874,0.774853,258221,1.24,0.3117
Adult,0,1.0,RF,0.855897,0.819821,0.754989,0.779126,89572,0.39,0.0058
Adult,0,1.0,LinearProbe,0.853931,0.807667,0.766992,0.783849,258,1.17,0.0109
Adult,0,1.0,BitFit,0.854177,0.808598,0.766255,0.783674,898,3.11,0.0101
Adult,0,1.0,SSF,0.851474,0.796133,0.785138,0.790360,2008,5.54,0.0178
Adult,0,1.0,Adapter,0.851351,0.796585,0.782543,0.789117,4240,2.49,0.0117
Adult,0,1.0,LoRA,0.853808,0.808233,0.765295,0.782902,7608,2.88,0.0113
Adult,0,1.0,LFW(ours),0.852334,0.797916,0.784264,0.790670,108,3.22,0.0109
Adult,0,1.0,FFT,0.854668,0.808142,0.769450,0.785649,220290,7.73,0.0102
Adult,1,0.05,ZeroShot,0.845332,0.785056,0.790814,0.787853,0,0.00,0.0103
Adult,1,0.05,VarFilter,0.846314,0.786060,0.795409,0.790519,0,0.00,0.0113
Adult,1,0.05,MIFilter,0.824693,0.760686,0.802265,0.776137,0,0.00,0.0110
Adult,1,0.05,LR,0.837838,0.814806,0.698091,0.729322,109,0.00,0.0001
Adult,1,0.05,SVM,0.831572,0.805016,0.685908,0.715977,18857,0.01,0.0223
Adult,1,0.05,RF,0.831941,0.805962,0.686329,0.716523,7394,0.25,0.0060
Adult,1,0.05,LinearProbe,0.847912,0.789385,0.788552,0.788967,258,0.11,0.0104
Adult,1,0.05,BitFit,0.846437,0.786829,0.790101,0.788439,898,0.14,0.0102
Adult,1,0.05,SSF,0.851597,0.804153,0.763309,0.780167,2008,0.21,0.0167
Adult,1,0.05,Adapter,0.852948,0.805839,0.766169,0.782664,4240,0.12,0.0116
Adult,1,0.05,LoRA,0.848649,0.790410,0.789574,0.789990,7608,0.25,0.0110
Adult,1,0.05,LFW(ours),0.848894,0.795417,0.770878,0.781790,108,0.32,0.0116
Adult,1,0.05,FFT,0.848526,0.790224,0.789493,0.789857,220290,0.56,0.0108
Adult,1,0.1,ZeroShot,0.845332,0.785056,0.790814,0.787853,0,0.00,0.0103
Adult,1,0.1,VarFilter,0.845577,0.785153,0.793489,0.789149,0,0.00,0.0115
Adult,1,0.1,MIFilter,0.844103,0.783200,0.791088,0.786988,0,0.00,0.0112
Adult,1,0.1,LR,0.845086,0.816805,0.720076,0.749945,109,0.01,0.0002
Adult,1,0.1,SVM,0.843489,0.823803,0.708615,0.740768,34989,0.02,0.0421
Adult,1,0.1,RF,0.843120,0.816923,0.713402,0.744005,13318,0.25,0.0061
Adult,1,0.1,LinearProbe,0.853071,0.809137,0.760323,0.779777,258,0.25,0.0111
Adult,1,0.1,BitFit,0.851597,0.799009,0.776059,0.786365,898,0.36,0.0108
Adult,1,0.1,SSF,0.852826,0.820005,0.743461,0.770252,2008,0.49,0.0169
Adult,1,0.1,Adapter,0.850860,0.808697,0.751692,0.773459,4240,0.17,0.0119
Adult,1,0.1,LoRA,0.850491,0.799715,0.767973,0.781632,7608,0.51,0.0106
Adult,1,0.1,LFW(ours),0.850737,0.815987,0.740836,0.767152,108,0.62,0.0108
Adult,1,0.1,FFT,0.852457,0.801490,0.773929,0.786049,220290,1.05,0.0105
Adult,1,0.2,ZeroShot,0.845332,0.785056,0.790814,0.787853,0,0.00,0.0103
Adult,1,0.2,VarFilter,0.846560,0.786407,0.795569,0.790781,0,0.00,0.0110
Adult,1,0.2,MIFilter,0.846560,0.787693,0.785513,0.786592,0,0.00,0.0110
Adult,1,0.2,LR,0.850983,0.818506,0.738663,0.766026,109,0.01,0.0002
Adult,1,0.2,SVM,0.848280,0.813950,0.734379,0.761450,62566,0.05,0.0751
Adult,1,0.2,RF,0.850369,0.817446,0.737722,0.765007,23458,0.27,0.0060
Adult,1,0.2,LinearProbe,0.855160,0.805541,0.777853,0.790052,258,0.55,0.0107
Adult,1,0.2,BitFit,0.852948,0.802796,0.773173,0.786081,898,1.20,0.0111
Adult,1,0.2,SSF,0.838084,0.775176,0.805285,0.787749,2008,0.67,0.0163
Adult,1,0.2,Adapter,0.848157,0.790982,0.782248,0.786436,4240,0.50,0.0119
Adult,1,0.2,LoRA,0.853563,0.803420,0.774832,0.787357,7608,0.77,0.0108
Adult,1,0.2,LFW(ours),0.853808,0.801955,0.780201,0.790040,108,0.79,0.0108
Adult,1,0.2,FFT,0.853071,0.801925,0.776127,0.787571,220290,1.89,0.0111
Adult,1,0.5,ZeroShot,0.845332,0.785056,0.790814,0.787853,0,0.00,0.0103
Adult,1,0.5,VarFilter,0.846314,0.786077,0.795229,0.790446,0,0.00,0.0109
Adult,1,0.5,MIFilter,0.841646,0.780431,0.781937,0.781178,0,0.00,0.0108
Adult,1,0.5,LR,0.855774,0.819673,0.754729,0.778888,109,0.01,0.0002
Adult,1,0.5,SVM,0.853686,0.816617,0.751028,0.775237,141155,0.27,0.1698
Adult,1,0.5,RF,0.858477,0.825060,0.757576,0.782548,50084,0.31,0.0072
Adult,1,0.5,LinearProbe,0.857002,0.813088,0.770260,0.787910,258,2.05,0.0105
Adult,1,0.5,BitFit,0.845332,0.785056,0.790814,0.787853,898,0.78,0.0110
Adult,1,0.5,SSF,0.850860,0.792030,0.802874,0.797169,2008,2.26,0.0164
Adult,1,0.5,Adapter,0.853808,0.808142,0.765475,0.782992,4240,0.88,0.0114
Adult,1,0.5,LoRA,0.854300,0.803719,0.778008,0.789430,7608,2.90,0.0106
Adult,1,0.5,LFW(ours),0.852580,0.797475,0.787658,0.792348,108,1.72,0.0111
Adult,1,0.5,FFT,0.855774,0.807941,0.775202,0.789305,220290,5.69,0.0108
Adult,1,1.0,ZeroShot,0.845332,0.785056,0.790814,0.787853,0,0.00,0.0104
Adult,1,1.0,VarFilter,0.847052,0.787119,0.795712,0.791234,0,0.00,0.0106
Adult,1,1.0,MIFilter,0.837715,0.774327,0.794628,0.783371,0,0.00,0.0108
Adult,1,1.0,LR,0.856143,0.817614,0.759101,0.781531,109,0.04,0.0002
Adult,1,1.0,SVM,0.856880,0.818267,0.761020,0.783122,266396,1.31,0.3304
Adult,1,1.0,RF,0.863268,0.829983,0.768615,0.792170,90862,0.40,0.0058
Adult,1,1.0,LinearProbe,0.845700,0.785647,0.790517,0.788024,258,1.01,0.0118
Adult,1,1.0,BitFit,0.852334,0.800873,0.774926,0.786421,898,1.74,0.0109
Adult,1,1.0,SSF,0.850123,0.791458,0.798261,0.794749,2008,5.61,0.0176
Adult,1,1.0,Adapter,0.855528,0.810629,0.768397,0.785813,4240,1.60,0.0135
Adult,1,1.0,LoRA,0.857002,0.809214,0.778341,0.791770,7608,7.85,0.0140
Adult,1,1.0,LFW(ours),0.853440,0.804284,0.772058,0.785938,108,14.68,0.0151
Adult,1,1.0,FFT,0.858845,0.811539,0.782062,0.794987,220290,16.13,0.0135
Adult,2,0.05,ZeroShot,0.849877,0.791148,0.797741,0.794340,0,0.00,0.0111
Adult,2,0.05,VarFilter,0.849877,0.790910,0.799716,0.795127,0,0.00,0.0129
Adult,2,0.05,MIFilter,0.846314,0.786452,0.791637,0.788979,0,0.00,0.0122
Adult,2,0.05,LR,0.827396,0.779380,0.698618,0.723681,109,0.00,0.0001
Adult,2,0.05,SVM,0.834152,0.780958,0.727106,0.747196,17440,0.01,0.0208
Adult,2,0.05,RF,0.830590,0.796876,0.689934,0.718754,6738,0.25,0.0060
Adult,2,0.05,LinearProbe,0.853563,0.800219,0.784171,0.791622,258,0.30,0.0113
Adult,2,0.05,BitFit,0.849877,0.791148,0.797741,0.794340,898,0.14,0.0110
Adult,2,0.05,SSF,0.851966,0.796886,0.785639,0.790975,2008,0.27,0.0181
Adult,2,0.05,Adapter,0.854791,0.808906,0.768453,0.785255,4240,0.14,0.0128
Adult,2,0.05,LoRA,0.852334,0.797440,0.786060,0.791456,7608,0.42,0.0114
Adult,2,0.05,LFW(ours),0.849140,0.796464,0.769243,0.781196,108,0.39,0.0110
Adult,2,0.05,FFT,0.850123,0.793830,0.784792,0.789122,220290,1.04,0.0112
Adult,2,0.1,ZeroShot,0.849877,0.791148,0.797741,0.794340,0,0.00,0.0119
Adult,2,0.1,VarFilter,0.849877,0.790910,0.799716,0.795127,0,0.00,0.0118
Adult,2,0.1,MIFilter,0.838698,0.775674,0.788806,0.781787,0,0.00,0.0115
Adult,2,0.1,LR,0.838084,0.807185,0.705794,0.735323,109,0.00,0.0003
Adult,2,0.1,SVM,0.840172,0.810856,0.709317,0.739194,34226,0.02,0.0414
Adult,2,0.1,RF,0.838821,0.821372,0.696041,0.728271,13010,0.27,0.0060
Adult,2,0.1,LinearProbe,0.856020,0.816873,0.759739,0.781772,258,0.25,0.0114
Adult,2,0.1,BitFit,0.854054,0.803017,0.778566,0.789490,898,0.34,0.0113
Adult,2,0.1,SSF,0.855037,0.806643,0.774540,0.788399,2008,0.33,0.0179
Adult,2,0.1,Adapter,0.854423,0.830551,0.737502,0.767841,4240,0.18,0.0123
Adult,2,0.1,LoRA,0.855037,0.803119,0.783879,0.792689,7608,0.44,0.0115
Adult,2,0.1,LFW(ours),0.849631,0.792442,0.787344,0.789832,108,0.47,0.0119
Adult,2,0.1,FFT,0.852580,0.797043,0.789453,0.793117,220290,0.95,0.0106
Adult,2,0.2,ZeroShot,0.849877,0.791148,0.797741,0.794340,0,0.00,0.0114
Adult,2,0.2,VarFilter,0.849877,0.790910,0.799716,0.795127,0,0.00,0.0107
Adult,2,0.2,MIFilter,0.841400,0.779212,0.793449,0.785807,0,0.00,0.0109
Adult,2,0.2,LR,0.844349,0.813765,0.720671,0.749855,109,0.01,0.0002
Adult,2,0.2,SVM,0.845209,0.811437,0.726263,0.754146,60604,0.05,0.0733
Adult,2,0.2,RF,0.849509,0.826207,0.725665,0.756727,23838,0.27,0.0074
Adult,2,0.2,LinearProbe,0.857125,0.816292,0.765132,0.785443,258,0.32,0.0117
Adult,2,0.2,BitFit,0.854791,0.805589,0.775816,0.788804,898,0.50,0.0115
Adult,2,0.2,SSF,0.852211,0.800023,0.776641,0.787124,2008,1.57,0.0178
Adult,2,0.2,Adapter,0.854791,0.802994,0.782820,0.792017,4240,0.33,0.0127
Adult,2,0.2,LoRA,0.854423,0.813440,0.758694,0.779972,7608,0.84,0.0112
Adult,2,0.2,LFW(ours),0.851843,0.807610,0.757723,0.777462,108,1.75,0.0122
Adult,2,0.2,FFT,0.855405,0.806203,0.777475,0.790074,220290,1.80,0.0113
Adult,2,0.5,ZeroShot,0.849877,0.791148,0.797741,0.794340,0,0.00,0.0114
Adult,2,0.5,VarFilter,0.849877,0.790910,0.799716,0.795127,0,0.00,0.0120
Adult,2,0.5,MIFilter,0.847912,0.788660,0.793581,0.791062,0,0.00,0.0114
Adult,2,0.5,LR,0.848894,0.805357,0.748969,0.770473,109,0.01,0.0003
Adult,2,0.5,SVM,0.849140,0.807787,0.746076,0.769026,132980,0.29,0.1606
Adult,2,0.5,RF,0.853563,0.816210,0.751127,0.775198,49888,0.32,0.0060
Adult,2,0.5,LinearProbe,0.849631,0.790727,0.798119,0.794291,258,0.55,0.0111
Adult,2,0.5,BitFit,0.849877,0.791148,0.797741,0.794340,898,0.88,0.0109
Adult,2,0.5,SSF,0.853563,0.801467,0.780220,0.789850,2008,1.62,0.0180
Adult,2,0.5,Adapter,0.849877,0.797209,0.771342,0.782782,4240,1.14,0.0130
Adult,2,0.5,LoRA,0.849877,0.791148,0.797741,0.794340,7608,1.47,0.0115
Adult,2,0.5,LFW(ours),0.849877,0.791148,0.797741,0.794340,108,1.79,0.0122
Adult,2,0.5,FFT,0.857371,0.811717,0.774631,0.790323,220290,4.92,0.0113
Adult,2,1.0,ZeroShot,0.849877,0.791148,0.797741,0.794340,0,0.00,0.0125
Adult,2,1.0,VarFilter,0.849631,0.790748,0.797939,0.794220,0,0.00,0.0114
Adult,2,1.0,MIFilter,0.843243,0.781720,0.794476,0.787684,0,0.00,0.0118
Adult,2,1.0,LR,0.850983,0.809297,0.751234,0.773299,109,0.03,0.0002
Adult,2,1.0,SVM,0.849877,0.810515,0.744943,0.768922,254624,1.19,0.3117
Adult,2,1.0,RF,0.858231,0.826188,0.755260,0.781094,91066,0.40,0.0072
Adult,2,1.0,LinearProbe,0.849631,0.790727,0.798119,0.794291,258,1.00,0.0114
Adult,2,1.0,BitFit,0.849877,0.791148,0.797741,0.794340,898,1.62,0.0107
Adult,2,1.0,SSF,0.847789,0.787986,0.797990,0.792743,2008,4.74,0.0175
Adult,2,1.0,Adapter,0.847297,0.787450,0.796052,0.791570,4240,1.77,0.0121
Adult,2,1.0,LoRA,0.849877,0.791148,0.797741,0.794340,7608,2.64,0.0111
Adult,2,1.0,LFW(ours),0.849877,0.791148,0.797741,0.794340,108,3.37,0.0121
Adult,2,1.0,FFT,0.858477,0.816656,0.770147,0.789041,220290,7.64,0.0114
Adult,3,0.05,ZeroShot,0.856020,0.805779,0.781828,0.792569,0,0.00,0.0125
Adult,3,0.05,VarFilter,0.857125,0.806617,0.785605,0.795162,0,0.00,0.0114
Adult,3,0.05,MIFilter,0.852457,0.798945,0.781471,0.789526,0,0.00,0.0111
Adult,3,0.05,LR,0.831450,0.784360,0.708455,0.733179,109,0.00,0.0001
Adult,3,0.05,SVM,0.831941,0.785647,0.708597,0.733579,18421,0.00,0.0218
Adult,3,0.05,RF,0.833784,0.805574,0.692743,0.722771,6488,0.25,0.0060
Adult,3,0.05,LinearProbe,0.856143,0.805930,0.782088,0.792787,258,0.10,0.0115
Adult,3,0.05,BitFit,0.848894,0.790575,0.790992,0.790783,898,0.27,0.0110
Adult,3,0.05,SSF,0.837469,0.776075,0.820866,0.792755,2008,0.27,0.0177
Adult,3,0.05,Adapter,0.831204,0.765785,0.774562,0.769962,4240,0.34,0.0126
Adult,3,0.05,LoRA,0.848280,0.788463,0.800646,0.794191,7608,0.37,0.0115
Adult,3,0.05,LFW(ours),0.856020,0.805779,0.781828,0.792569,108,0.29,0.0118
Adult,3,0.05,FFT,0.850000,0.792001,0.793152,0.792574,220290,0.71,0.0115
Adult,3,0.1,ZeroShot,0.856020,0.805779,0.781828,0.792569,0,0.00,0.0115
Adult,3,0.1,VarFilter,0.857002,0.807121,0.783549,0.794146,0,0.00,0.0112
Adult,3,0.1,MIFilter,0.854177,0.804538,0.775234,0.788038,0,0.00,0.0110
Adult,3,0.1,LR,0.835381,0.788907,0.718212,0.742307,109,0.00,0.0001
Adult,3,0.1,SVM,0.834152,0.789468,0.712200,0.737457,33790,0.02,0.0406
Adult,3,0.1,RF,0.841032,0.808133,0.715088,0.743840,12456,0.26,0.0074
Adult,3,0.1,LinearProbe,0.855897,0.803777,0.786956,0.794747,258,0.19,0.0111
Adult,3,0.1,BitFit,0.853440,0.799854,0.784629,0.791724,898,0.41,0.0109
Adult,3,0.1,SSF,0.827027,0.767254,0.824266,0.785488,2008,0.36,0.0176
Adult,3,0.1,Adapter,0.849509,0.790346,0.799834,0.794872,4240,0.20,0.0124
Adult,3,0.1,LoRA,0.852580,0.797982,0.785682,0.791490,7608,0.53,0.0124
Adult,3,0.1,LFW(ours),0.850860,0.797439,0.776475,0.785972,108,0.55,0.0114
Adult,3,0.1,FFT,0.855160,0.803038,0.784857,0.793223,220290,0.93,0.0114
Adult,3,0.2,ZeroShot,0.856020,0.805779,0.781828,0.792569,0,0.00,0.0108
Adult,3,0.2,VarFilter,0.856511,0.806186,0.783407,0.793680,0,0.00,0.0115
Adult,3,0.2,MIFilter,0.852334,0.802682,0.770257,0.784193,0,0.00,0.0114
Adult,3,0.2,LR,0.845946,0.800551,0.744524,0.765790,109,0.01,0.0001
Adult,3,0.2,SVM,0.845455,0.802177,0.739713,0.762646,60931,0.05,0.0797
Adult,3,0.2,RF,0.846683,0.806606,0.738003,0.762513,22768,0.27,0.0074
Adult,3,0.2,LinearProbe,0.854914,0.800749,0.791161,0.795750,258,0.53,0.0114
Adult,3,0.2,BitFit,0.856020,0.805779,0.781828,0.792569,898,0.37,0.0117
Adult,3,0.2,SSF,0.852948,0.797139,0.791850,0.794430,2008,0.85,0.0184
Adult,3,0.2,Adapter,0.851229,0.792920,0.800062,0.796370,4240,0.51,0.0134
Adult,3,0.2,LoRA,0.852826,0.801166,0.776864,0.787718,7608,2.35,0.0113
Adult,3,0.2,LFW(ours),0.850983,0.795697,0.783380,0.789192,108,1.95,0.0124
Adult,3,0.2,FFT,0.854300,0.801629,0.784114,0.792195,220290,3.26,0.0115
Adult,3,0.5,ZeroShot,0.856020,0.805779,0.781828,0.792569,0,0.00,0.0108
Adult,3,0.5,VarFilter,0.857371,0.807177,0.785407,0.795276,0,0.00,0.0126
Adult,3,0.5,MIFilter,0.855037,0.805109,0.778311,0.790165,0,0.00,0.0115
Adult,3,0.5,LR,0.849877,0.805450,0.753024,0.773444,109,0.01,0.0001
Adult,3,0.5,SVM,0.853440,0.815426,0.751765,0.775459,142136,0.28,0.1733
Adult,3,0.5,RF,0.856511,0.822582,0.753596,0.778836,51408,0.33,0.0074
Adult,3,0.5,LinearProbe,0.856143,0.805930,0.782088,0.792787,258,0.55,0.0121
Adult,3,0.5,BitFit,0.856143,0.806824,0.779754,0.791724,898,0.92,0.0112
Adult,3,0.5,SSF,0.849877,0.790545,0.803308,0.796531,2008,1.69,0.0175
Adult,3,0.5,Adapter,0.856020,0.805779,0.781828,0.792569,4240,0.59,0.0125
Adult,3,0.5,LoRA,0.856020,0.805779,0.781828,0.792569,7608,1.44,0.0109
Adult,3,0.5,LFW(ours),0.853194,0.809692,0.759865,0.779633,108,3.98,0.0116
Adult,3,0.5,FFT,0.857862,0.811057,0.778365,0.792482,220290,3.95,0.0116
Adult,3,1.0,ZeroShot,0.856020,0.805779,0.781828,0.792569,0,0.00,0.0118
Adult,3,1.0,VarFilter,0.857371,0.807177,0.785407,0.795276,0,0.00,0.0116
Adult,3,1.0,MIFilter,0.849386,0.791752,0.788799,0.790255,0,0.00,0.0110
Adult,3,1.0,LR,0.852580,0.811620,0.754075,0.776071,109,0.03,0.0002
Adult,3,1.0,SVM,0.853440,0.815932,0.751046,0.775060,262908,1.28,0.3227
Adult,3,1.0,RF,0.858108,0.824763,0.756617,0.781738,92786,0.41,0.0073
Adult,3,1.0,LinearProbe,0.856143,0.805930,0.782088,0.792787,258,1.36,0.0197
Adult,3,1.0,BitFit,0.856020,0.805779,0.781828,0.792569,898,2.24,0.0115
Adult,3,1.0,SSF,0.852334,0.795737,0.793603,0.794659,2008,3.78,0.0200
Adult,3,1.0,Adapter,0.854545,0.802570,0.782659,0.791745,4240,1.48,0.0144
Adult,3,1.0,LoRA,0.856020,0.805779,0.781828,0.792569,7608,2.85,0.0147
Adult,3,1.0,LFW(ours),0.856020,0.805779,0.781828,0.792569,108,4.48,0.0146
Adult,3,1.0,FFT,0.854423,0.806352,0.772163,0.786771,220290,20.25,0.0151
Adult,4,0.05,ZeroShot,0.846314,0.785487,0.804388,0.794036,0,0.00,0.0138
Adult,4,0.05,VarFilter,0.846683,0.785950,0.805348,0.794700,0,0.00,0.0146
Adult,4,0.05,MIFilter,0.849386,0.791819,0.788440,0.790103,0,0.00,0.0144
Adult,4,0.05,LR,0.828133,0.798013,0.680424,0.709562,109,0.01,0.0002
Adult,4,0.05,SVM,0.834398,0.806014,0.694402,0.724438,18094,0.00,0.0240
Adult,4,0.05,RF,0.825553,0.800698,0.669755,0.698842,7062,0.29,0.0077
Adult,4,0.05,LinearProbe,0.851106,0.795152,0.786513,0.790661,258,0.18,0.0149
Adult,4,0.05,BitFit,0.850614,0.794170,0.787089,0.790513,898,0.29,0.0140
Adult,4,0.05,SSF,0.851597,0.802210,0.767619,0.782324,2008,0.36,0.0240
Adult,4,0.05,Adapter,0.852211,0.806341,0.761736,0.779840,4240,0.27,0.0157
Adult,4,0.05,LoRA,0.850983,0.794441,0.788767,0.791530,7608,0.44,0.0146
Adult,4,0.05,LFW(ours),0.847543,0.797311,0.758500,0.774582,108,0.90,0.0143
Adult,4,0.05,FFT,0.851229,0.794420,0.790903,0.792633,220290,0.82,0.0138
Adult,4,0.1,ZeroShot,0.846314,0.785487,0.804388,0.794036,0,0.00,0.0148
Adult,4,0.1,VarFilter,0.846560,0.785734,0.807063,0.795246,0,0.00,0.0144
Adult,4,0.1,MIFilter,0.847912,0.788706,0.793222,0.790914,0,0.00,0.0142
Adult,4,0.1,LR,0.835995,0.791513,0.716819,0.741773,109,0.01,0.0004
Adult,4,0.1,SVM,0.839681,0.799038,0.721027,0.746984,31174,0.02,0.0426
Adult,4,0.1,RF,0.832924,0.795860,0.699364,0.727434,12182,0.35,0.0074
Adult,4,0.1,LinearProbe,0.853071,0.801221,0.778102,0.788487,258,0.23,0.0139
Adult,4,0.1,BitFit,0.852580,0.800484,0.777421,0.787779,898,0.49,0.0140
Adult,4,0.1,SSF,0.853808,0.805512,0.771042,0.785741,2008,0.47,0.0232
Adult,4,0.1,Adapter,0.852948,0.805417,0.767067,0.783112,4240,0.22,0.0159
Adult,4,0.1,LoRA,0.852211,0.801946,0.771433,0.784664,7608,0.69,0.0142
Adult,4,0.1,LFW(ours),0.852211,0.800271,0.775923,0.786790,108,0.62,0.0145
Adult,4,0.1,FFT,0.851474,0.799860,0.772926,0.784795,220290,1.46,0.0151
Adult,4,0.2,ZeroShot,0.846314,0.785487,0.804388,0.794036,0,0.00,0.0143
Adult,4,0.2,VarFilter,0.846437,0.785592,0.806264,0.794846,0,0.00,0.0140
Adult,4,0.2,MIFilter,0.847543,0.790356,0.780230,0.785052,0,0.00,0.0146
Adult,4,0.2,LR,0.842506,0.796920,0.735807,0.758225,109,0.01,0.0001
Adult,4,0.2,SVM,0.845209,0.809182,0.728956,0.755880,61149,0.07,0.0832
Adult,4,0.2,RF,0.845946,0.808841,0.732133,0.758399,23368,0.27,0.0060
Adult,4,0.2,LinearProbe,0.852334,0.798064,0.783725,0.790432,258,0.27,0.0105
Adult,4,0.2,BitFit,0.848649,0.789462,0.796218,0.792730,898,0.39,0.0101
Adult,4,0.2,SSF,0.848280,0.791216,0.782149,0.786490,2008,0.62,0.0161
Adult,4,0.2,Adapter,0.851597,0.797341,0.781447,0.788825,4240,0.30,0.0118
Adult,4,0.2,LoRA,0.849877,0.797024,0.771881,0.783039,7608,0.81,0.0114
Adult,4,0.2,LFW(ours),0.853440,0.799959,0.784270,0.791566,108,0.80,0.0109
Adult,4,0.2,FFT,0.851720,0.796178,0.786735,0.791253,220290,1.65,0.0113
Adult,4,0.5,ZeroShot,0.846314,0.785487,0.804388,0.794036,0,0.00,0.0108
Adult,4,0.5,VarFilter,0.846560,0.785758,0.806165,0.794909,0,0.00,0.0115
Adult,4,0.5,MIFilter,0.843243,0.781919,0.791423,0.786443,0,0.00,0.0110
Adult,4,0.5,LR,0.850369,0.804978,0.756040,0.775440,109,0.01,0.0001
Adult,4,0.5,SVM,0.851720,0.813434,0.747945,0.772014,136795,0.29,0.1649
Adult,4,0.5,RF,0.852457,0.811242,0.754174,0.776031,50872,0.30,0.0073
Adult,4,0.5,LinearProbe,0.851966,0.800875,0.772889,0.785166,258,1.06,0.0105
Adult,4,0.5,BitFit,0.846314,0.785487,0.804388,0.794036,898,0.81,0.0109
Adult,4,0.5,SSF,0.846314,0.785487,0.804388,0.794036,2008,1.24,0.0168
Adult,4,0.5,Adapter,0.846314,0.785487,0.804388,0.794036,4240,0.55,0.0115
Adult,4,0.5,LoRA,0.851720,0.798351,0.778834,0.787741,7608,1.74,0.0106
Adult,4,0.5,LFW(ours),0.846314,0.785487,0.804388,0.794036,108,2.18,0.0145
Adult,4,0.5,FFT,0.852580,0.799153,0.781552,0.789661,220290,5.75,0.0149
Adult,4,1.0,ZeroShot,0.846314,0.785487,0.804388,0.794036,0,0.00,0.0139
Adult,4,1.0,VarFilter,0.846560,0.785758,0.806165,0.794909,0,0.00,0.0145
Adult,4,1.0,MIFilter,0.847297,0.787602,0.794615,0.790989,0,0.00,0.0153
Adult,4,1.0,LR,0.849386,0.802794,0.755755,0.774540,109,0.05,0.0002
Adult,4,1.0,SVM,0.853317,0.809743,0.760304,0.779958,260837,1.98,0.4009
Adult,4,1.0,RF,0.857617,0.821498,0.759168,0.782725,91670,0.47,0.0088
Adult,4,1.0,LinearProbe,0.853440,0.798915,0.788041,0.793212,258,2.41,0.0184
Adult,4,1.0,BitFit,0.854054,0.803616,0.776950,0.788742,898,3.98,0.0155
Adult,4,1.0,SSF,0.853440,0.806622,0.766850,0.783391,2008,11.75,0.0240
Adult,4,1.0,Adapter,0.851351,0.794574,0.791163,0.792842,4240,2.71,0.0157
Adult,4,1.0,LoRA,0.852211,0.802602,0.769817,0.783883,7608,3.99,0.0142
Adult,4,1.0,LFW(ours),0.852703,0.804455,0.767984,0.783372,108,4.76,0.0147
Adult,4,1.0,FFT,0.853563,0.801896,0.778963,0.789277,220290,11.14,0.0146
Satimage,0,0.05,ZeroShot,0.869134,0.845138,0.838827,0.841165,0,0.00,0.0076
Satimage,0,0.05,VarFilter,0.833032,0.817510,0.783375,0.795048,0,0.00,0.0053
Satimage,0,0.05,MIFilter,0.829422,0.803178,0.782844,0.785994,0,0.00,0.0045
Satimage,0,0.05,LR,0.812274,0.761530,0.752803,0.751623,222,0.02,0.0002
Satimage,0,0.05,SVM,0.821300,0.782848,0.761262,0.764252,1435,0.01,0.0068
Satimage,0,0.05,RF,0.818592,0.787650,0.762857,0.769122,3730,0.31,0.0345
Satimage,0,0.05,LinearProbe,0.871841,0.848075,0.841539,0.843902,774,0.07,0.0049
Satimage,0,0.05,BitFit,0.869134,0.845138,0.838827,0.841165,390,0.08,0.0053
Satimage,0,0.05,SSF,0.869134,0.845138,0.838827,0.841165,840,0.08,0.0076
Satimage,0,0.05,Adapter,0.869134,0.845138,0.838827,0.841165,4240,0.08,0.0069
Satimage,0,0.05,LoRA,0.869134,0.845138,0.838827,0.841165,3240,0.09,0.0058
Satimage,0,0.05,LFW(ours),0.869134,0.845138,0.838827,0.841165,36,0.16,0.0044
Satimage,0,0.05,FFT,0.880866,0.876047,0.835542,0.845382,43142,0.19,0.0058
Satimage,0,0.1,ZeroShot,0.869134,0.845138,0.838827,0.841165,0,0.00,0.0050
Satimage,0,0.1,VarFilter,0.801444,0.805786,0.724131,0.746690,0,0.00,0.0062
Satimage,0,0.1,MIFilter,0.712094,0.731973,0.744836,0.690205,0,0.00,0.0051
Satimage,0,0.1,LR,0.807762,0.771123,0.745121,0.753045,222,0.01,0.0002
Satimage,0,0.1,SVM,0.810469,0.786497,0.757194,0.764979,2378,0.00,0.0106
Satimage,0,0.1,RF,0.833935,0.817512,0.780564,0.792657,5316,0.32,0.0333
Satimage,0,0.1,LinearProbe,0.871841,0.848075,0.841539,0.843902,774,0.08,0.0061
Satimage,0,0.1,BitFit,0.869134,0.845138,0.838827,0.841165,390,0.08,0.0056
Satimage,0,0.1,SSF,0.869134,0.845138,0.838827,0.841165,840,0.08,0.0088
Satimage,0,0.1,Adapter,0.869134,0.845138,0.838827,0.841165,4240,0.10,0.0079
Satimage,0,0.1,LoRA,0.869134,0.845138,0.838827,0.841165,3240,0.09,0.0053
Satimage,0,0.1,LFW(ours),0.869134,0.845138,0.838827,0.841165,36,0.17,0.0055
Satimage,0,0.1,FFT,0.871841,0.878612,0.815839,0.828717,43142,0.20,0.0040
Satimage,0,0.2,ZeroShot,0.869134,0.845138,0.838827,0.841165,0,0.00,0.0045
Satimage,0,0.2,VarFilter,0.743682,0.715908,0.625770,0.619193,0,0.00,0.0058
Satimage,0,0.2,MIFilter,0.733755,0.736825,0.760295,0.709103,0,0.00,0.0037
Satimage,0,0.2,LR,0.803249,0.774914,0.766220,0.767481,222,0.02,0.0009
Satimage,0,0.2,SVM,0.835740,0.820285,0.800947,0.802457,3895,0.00,0.0179
Satimage,0,0.2,RF,0.824910,0.821607,0.786835,0.796463,9334,0.34,0.0410
Satimage,0,0.2,LinearProbe,0.865523,0.857244,0.824351,0.835330,774,0.10,0.0060
Satimage,0,0.2,BitFit,0.869134,0.845138,0.838827,0.841165,390,0.09,0.0055
Satimage,0,0.2,SSF,0.877256,0.860046,0.839379,0.846219,840,0.19,0.0088
Satimage,0,0.2,Adapter,0.879061,0.863821,0.841415,0.848876,4240,0.16,0.0063
Satimage,0,0.2,LoRA,0.870036,0.858338,0.824106,0.833045,3240,0.10,0.0042
Satimage,0,0.2,LFW(ours),0.879061,0.864958,0.842690,0.850106,36,0.19,0.0042
Satimage,0,0.2,FFT,0.870939,0.859921,0.833525,0.841997,43142,0.20,0.0034
Satimage,0,0.5,ZeroShot,0.869134,0.845138,0.838827,0.841165,0,0.00,0.0038
Satimage,0,0.5,VarFilter,0.824910,0.809322,0.817251,0.805375,0,0.00,0.0035
Satimage,0,0.5,MIFilter,0.735560,0.742352,0.758454,0.713281,0,0.00,0.0036
Satimage,0,0.5,LR,0.835740,0.804026,0.798623,0.801041,222,0.03,0.0002
Satimage,0,0.5,SVM,0.875451,0.861038,0.835846,0.845548,8036,0.01,0.0318
Satimage,0,0.5,RF,0.870939,0.860170,0.829788,0.841420,20544,0.26,0.0324
Satimage,0,0.5,LinearProbe,0.885379,0.871529,0.842679,0.853080,774,0.17,0.0040
Satimage,0,0.5,BitFit,0.869134,0.845138,0.838827,0.841165,390,0.08,0.0045
Satimage,0,0.5,SSF,0.869134,0.845138,0.838827,0.841165,840,0.11,0.0057
Satimage,0,0.5,Adapter,0.869134,0.845138,0.838827,0.841165,4240,0.08,0.0055
Satimage,0,0.5,LoRA,0.872744,0.857283,0.830846,0.840128,3240,0.16,0.0041
Satimage,0,0.5,LFW(ours),0.877256,0.860356,0.840160,0.847861,36,0.18,0.0036
Satimage,0,0.5,FFT,0.879061,0.866083,0.839316,0.848917,43142,0.29,0.0035
Satimage,0,1.0,ZeroShot,0.869134,0.845138,0.838827,0.841165,0,0.00,0.0045
Satimage,0,1.0,VarFilter,0.708484,0.738014,0.682171,0.656357,0,0.00,0.0035
Satimage,0,1.0,MIFilter,0.715704,0.731663,0.751087,0.695403,0,0.00,0.0044
Satimage,0,1.0,LR,0.837545,0.806222,0.793020,0.798854,222,0.05,0.0002
Satimage,0,1.0,SVM,0.892599,0.875679,0.864326,0.869030,13981,0.02,0.0407
Satimage,0,1.0,RF,0.888989,0.880215,0.851860,0.862954,36710,0.29,0.0325
Satimage,0,1.0,LinearProbe,0.875451,0.853756,0.844352,0.847484,774,0.12,0.0039
Satimage,0,1.0,BitFit,0.869134,0.845138,0.838827,0.841165,390,0.11,0.0040
Satimage,0,1.0,SSF,0.869134,0.845138,0.838827,0.841165,840,0.15,0.0064
Satimage,0,1.0,Adapter,0.869134,0.845138,0.838827,0.841165,4240,0.10,0.0060
Satimage,0,1.0,LoRA,0.869134,0.845138,0.838827,0.841165,3240,0.14,0.0050
Satimage,0,1.0,LFW(ours),0.869134,0.845138,0.838827,0.841165,36,0.22,0.0040
Satimage,0,1.0,FFT,0.896209,0.881577,0.864355,0.869631,43142,0.31,0.0033
Satimage,1,0.05,ZeroShot,0.888087,0.866105,0.852840,0.857522,0,0.00,0.0033
Satimage,1,0.05,VarFilter,0.722924,0.733036,0.745413,0.702750,0,0.00,0.0040
Satimage,1,0.05,MIFilter,0.776173,0.770827,0.791082,0.758136,0,0.00,0.0038
Satimage,1,0.05,LR,0.798736,0.776649,0.765102,0.766896,222,0.01,0.0002
Satimage,1,0.05,SVM,0.819495,0.790501,0.776999,0.782098,1230,0.00,0.0058
Satimage,1,0.05,RF,0.775271,0.743983,0.725998,0.733269,3178,0.27,0.0325
Satimage,1,0.05,LinearProbe,0.889892,0.868931,0.854945,0.859646,774,0.06,0.0043
Satimage,1,0.05,BitFit,0.888087,0.866105,0.852840,0.857522,390,0.06,0.0032
Satimage,1,0.05,SSF,0.888087,0.866105,0.852840,0.857522,840,0.07,0.0072
Satimage,1,0.05,Adapter,0.888087,0.866105,0.852840,0.857522,4240,0.06,0.0051
Satimage,1,0.05,LoRA,0.888087,0.866105,0.852840,0.857522,3240,0.06,0.0035
Satimage,1,0.05,LFW(ours),0.888087,0.866105,0.852840,0.857522,36,0.12,0.0036
Satimage,1,0.05,FFT,0.879061,0.857311,0.859715,0.857119,43142,0.14,0.0041
Satimage,1,0.1,ZeroShot,0.888087,0.866105,0.852840,0.857522,0,0.00,0.0034
Satimage,1,0.1,VarFilter,0.777978,0.764611,0.762876,0.758821,0,0.00,0.0043
Satimage,1,0.1,MIFilter,0.761733,0.768967,0.778866,0.742660,0,0.00,0.0047
Satimage,1,0.1,LR,0.827617,0.801524,0.795141,0.794324,222,0.01,0.0001
Satimage,1,0.1,SVM,0.834838,0.806005,0.799934,0.800506,2091,0.00,0.0061
Satimage,1,0.1,RF,0.808664,0.786497,0.771908,0.776684,4406,0.26,0.0326
Satimage,1,0.1,LinearProbe,0.885379,0.867119,0.844723,0.852538,774,0.08,0.0033
Satimage,1,0.1,BitFit,0.888087,0.866105,0.852840,0.857522,390,0.06,0.0034
Satimage,1,0.1,SSF,0.888087,0.866105,0.852840,0.857522,840,0.07,0.0067
Satimage,1,0.1,Adapter,0.888087,0.866105,0.852840,0.857522,4240,0.06,0.0065
Satimage,1,0.1,LoRA,0.877256,0.852707,0.839785,0.844753,3240,0.08,0.0041
Satimage,1,0.1,LFW(ours),0.870939,0.843633,0.826907,0.833287,36,0.23,0.0035
Satimage,1,0.1,FFT,0.864621,0.836644,0.833105,0.833654,43142,0.31,0.0038
Satimage,1,0.2,ZeroShot,0.888087,0.866105,0.852840,0.857522,0,0.00,0.0036
Satimage,1,0.2,VarFilter,0.842058,0.811164,0.827789,0.816438,0,0.00,0.0037
Satimage,1,0.2,MIFilter,0.720217,0.730292,0.732345,0.694629,0,0.00,0.0038
Satimage,1,0.2,LR,0.830325,0.806732,0.797411,0.798974,222,0.03,0.0001
Satimage,1,0.2,SVM,0.852888,0.832622,0.819891,0.823977,3649,0.00,0.0140
Satimage,1,0.2,RF,0.845668,0.822935,0.805761,0.812278,8464,0.27,0.0326
Satimage,1,0.2,LinearProbe,0.872744,0.853008,0.848571,0.848469,774,0.12,0.0036
Satimage,1,0.2,BitFit,0.888087,0.866105,0.852840,0.857522,390,0.07,0.0031
Satimage,1,0.2,SSF,0.887184,0.864555,0.852391,0.856850,840,0.08,0.0060
Satimage,1,0.2,Adapter,0.888087,0.866105,0.852840,0.857522,4240,0.08,0.0048
Satimage,1,0.2,LoRA,0.884477,0.861970,0.854760,0.857968,3240,0.09,0.0035
Satimage,1,0.2,LFW(ours),0.891697,0.870967,0.862648,0.865879,36,0.16,0.0035
Satimage,1,0.2,FFT,0.879061,0.855665,0.853973,0.853456,43142,0.16,0.0040
Satimage,1,0.5,ZeroShot,0.888087,0.866105,0.852840,0.857522,0,0.00,0.0043
Satimage,1,0.5,VarFilter,0.799639,0.793031,0.764900,0.771936,0,0.00,0.0035
Satimage,1,0.5,MIFilter,0.729242,0.741008,0.745324,0.703041,0,0.00,0.0037
Satimage,1,0.5,LR,0.828520,0.788309,0.787985,0.787212,222,0.03,0.0001
Satimage,1,0.5,SVM,0.868231,0.843530,0.836811,0.839071,7954,0.00,0.0228
Satimage,1,0.5,RF,0.863718,0.842063,0.830350,0.834765,19456,0.26,0.0332
Satimage,1,0.5,LinearProbe,0.879061,0.856248,0.846754,0.850842,774,0.16,0.0038
Satimage,1,0.5,BitFit,0.888087,0.865988,0.852096,0.857033,390,0.13,0.0035
Satimage,1,0.5,SSF,0.886282,0.863246,0.850736,0.855292,840,0.11,0.0053
Satimage,1,0.5,Adapter,0.888087,0.865888,0.853034,0.857720,4240,0.11,0.0052
Satimage,1,0.5,LoRA,0.895307,0.884796,0.853299,0.863254,3240,0.13,0.0045
Satimage,1,0.5,LFW(ours),0.880866,0.856692,0.844185,0.848873,36,0.17,0.0033
Satimage,1,0.5,FFT,0.879964,0.855890,0.848632,0.851748,43142,0.30,0.0042
Satimage,1,1.0,ZeroShot,0.888087,0.866105,0.852840,0.857522,0,0.00,0.0034
Satimage,1,1.0,VarFilter,0.832130,0.801223,0.808655,0.800764,0,0.00,0.0035
Satimage,1,1.0,MIFilter,0.729242,0.741008,0.745324,0.703041,0,0.00,0.0050
Satimage,1,1.0,LR,0.850181,0.815924,0.809161,0.811751,222,0.05,0.0002
Satimage,1,1.0,SVM,0.899819,0.882637,0.876564,0.878766,13940,0.02,0.0392
Satimage,1,1.0,RF,0.879061,0.859933,0.842611,0.849589,36938,0.28,0.0325
Satimage,1,1.0,LinearProbe,0.883574,0.864973,0.853766,0.858678,774,0.15,0.0034
Satimage,1,1.0,BitFit,0.887184,0.864326,0.854225,0.858133,390,0.32,0.0037
Satimage,1,1.0,SSF,0.886282,0.863422,0.853549,0.857310,840,0.27,0.0053
Satimage,1,1.0,Adapter,0.888989,0.867377,0.860611,0.863309,4240,0.14,0.0054
Satimage,1,1.0,LoRA,0.885379,0.864304,0.855683,0.858824,3240,0.26,0.0036
Satimage,1,1.0,LFW(ours),0.890794,0.871775,0.858993,0.863452,36,0.22,0.0045
Satimage,1,1.0,FFT,0.896209,0.877628,0.866885,0.870704,43142,0.53,0.0033
Satimage,2,0.05,ZeroShot,0.870036,0.857812,0.828367,0.837918,0,0.00,0.0038
Satimage,2,0.05,VarFilter,0.846570,0.832410,0.800704,0.809321,0,0.00,0.0041
Satimage,2,0.05,MIFilter,0.740072,0.710187,0.729050,0.704012,0,0.00,0.0047
Satimage,2,0.05,LR,0.777076,0.750130,0.692201,0.705252,222,0.02,0.0001
Satimage,2,0.05,SVM,0.793321,0.801824,0.713522,0.731593,1476,0.00,0.0063
Satimage,2,0.05,RF,0.800542,0.787596,0.710714,0.726442,3060,0.25,0.0327
Satimage,2,0.05,LinearProbe,0.871841,0.860771,0.829727,0.839690,774,0.06,0.0036
Satimage,2,0.05,BitFit,0.870036,0.857812,0.828367,0.837918,390,0.06,0.0031
Satimage,2,0.05,SSF,0.870036,0.857812,0.828367,0.837918,840,0.06,0.0067
Satimage,2,0.05,Adapter,0.870036,0.857812,0.828367,0.837918,4240,0.06,0.0048
Satimage,2,0.05,LoRA,0.870036,0.857812,0.828367,0.837918,3240,0.06,0.0036
Satimage,2,0.05,LFW(ours),0.870036,0.857812,0.828367,0.837918,36,0.12,0.0034
Satimage,2,0.05,FFT,0.879964,0.862478,0.846940,0.852754,43142,0.14,0.0038
Satimage,2,0.1,ZeroShot,0.870036,0.857812,0.828367,0.837918,0,0.00,0.0033
Satimage,2,0.1,VarFilter,0.834838,0.816567,0.800351,0.804252,0,0.00,0.0033
Satimage,2,0.1,MIFilter,0.740975,0.740538,0.758244,0.719346,0,0.00,0.0033
Satimage,2,0.1,LR,0.800542,0.771204,0.748656,0.757827,222,0.02,0.0001
Satimage,2,0.1,SVM,0.827617,0.807844,0.781251,0.792117,2337,0.00,0.0067
Satimage,2,0.1,RF,0.818592,0.805011,0.770571,0.782578,4976,0.26,0.0325
Satimage,2,0.1,LinearProbe,0.871841,0.860771,0.829727,0.839690,774,0.06,0.0039
Satimage,2,0.1,BitFit,0.870036,0.857812,0.828367,0.837918,390,0.06,0.0037
Satimage,2,0.1,SSF,0.870036,0.857812,0.828367,0.837918,840,0.06,0.0073
Satimage,2,0.1,Adapter,0.870036,0.857812,0.828367,0.837918,4240,0.06,0.0043
Satimage,2,0.1,LoRA,0.870036,0.857812,0.828367,0.837918,3240,0.06,0.0041
Satimage,2,0.1,LFW(ours),0.870036,0.857812,0.828367,0.837918,36,0.12,0.0032
Satimage,2,0.1,FFT,0.853791,0.834835,0.821389,0.826542,43142,0.21,0.0036
Satimage,2,0.2,ZeroShot,0.870036,0.857812,0.828367,0.837918,0,0.00,0.0035
Satimage,2,0.2,VarFilter,0.752708,0.756570,0.775128,0.734124,0,0.00,0.0046
Satimage,2,0.2,MIFilter,0.740975,0.740538,0.758244,0.719346,0,0.00,0.0034
Satimage,2,0.2,LR,0.776173,0.745479,0.728911,0.735340,222,0.02,0.0002
Satimage,2,0.2,SVM,0.824910,0.788122,0.770298,0.775709,4018,0.00,0.0156
Satimage,2,0.2,RF,0.823105,0.794116,0.763164,0.774968,9464,0.27,0.0325
Satimage,2,0.2,LinearProbe,0.875451,0.853482,0.853358,0.852981,774,0.07,0.0033
Satimage,2,0.2,BitFit,0.870036,0.857812,0.828367,0.837918,390,0.08,0.0039
Satimage,2,0.2,SSF,0.870036,0.857812,0.828367,0.837918,840,0.07,0.0062
Satimage,2,0.2,Adapter,0.876354,0.860548,0.844670,0.850429,4240,0.12,0.0047
Satimage,2,0.2,LoRA,0.879964,0.863867,0.845735,0.851971,3240,0.09,0.0045
Satimage,2,0.2,LFW(ours),0.870939,0.851050,0.826220,0.834010,36,0.31,0.0039
Satimage,2,0.2,FFT,0.861011,0.838584,0.820371,0.827487,43142,0.23,0.0039
Satimage,2,0.5,ZeroShot,0.870036,0.857812,0.828367,0.837918,0,0.00,0.0043
Satimage,2,0.5,VarFilter,0.719314,0.728828,0.724455,0.693304,0,0.00,0.0042
Satimage,2,0.5,MIFilter,0.740975,0.740538,0.758244,0.719346,0,0.00,0.0047
Satimage,2,0.5,LR,0.801444,0.771377,0.757667,0.763813,222,0.03,0.0001
Satimage,2,0.5,SVM,0.852888,0.827709,0.811258,0.817087,7708,0.00,0.0246
Satimage,2,0.5,RF,0.850181,0.831240,0.803543,0.814639,19498,0.26,0.0328
Satimage,2,0.5,LinearProbe,0.869134,0.850136,0.840700,0.843925,774,0.12,0.0034
Satimage,2,0.5,BitFit,0.871841,0.856074,0.837479,0.844020,390,0.15,0.0037
Satimage,2,0.5,SSF,0.873646,0.857425,0.841127,0.846972,840,0.12,0.0058
Satimage,2,0.5,Adapter,0.870939,0.855535,0.837062,0.843451,4240,0.11,0.0052
Satimage,2,0.5,LoRA,0.873646,0.855956,0.835162,0.842570,3240,0.13,0.0036
Satimage,2,0.5,LFW(ours),0.865523,0.852948,0.822751,0.832610,36,0.23,0.0038
Satimage,2,0.5,FFT,0.865523,0.847088,0.830969,0.837300,43142,0.26,0.0037
Satimage,2,1.0,ZeroShot,0.870036,0.857812,0.828367,0.837918,0,0.00,0.0038
Satimage,2,1.0,VarFilter,0.713899,0.722428,0.659392,0.646192,0,0.00,0.0032
Satimage,2,1.0,MIFilter,0.740975,0.740538,0.758244,0.719346,0,0.00,0.0035
Satimage,2,1.0,LR,0.833935,0.797881,0.781966,0.788006,222,0.05,0.0001
Satimage,2,1.0,SVM,0.878159,0.863958,0.834368,0.843003,13940,0.01,0.0376
Satimage,2,1.0,RF,0.878159,0.873063,0.832619,0.844826,35778,0.28,0.0325
Satimage,2,1.0,LinearProbe,0.880866,0.862041,0.842864,0.850249,774,0.14,0.0035
Satimage,2,1.0,BitFit,0.880866,0.866473,0.839632,0.848273,390,0.31,0.0042
Satimage,2,1.0,SSF,0.879061,0.864410,0.837606,0.846235,840,0.25,0.0053
Satimage,2,1.0,Adapter,0.870939,0.851942,0.831297,0.838900,4240,0.20,0.0047
Satimage,2,1.0,LoRA,0.877256,0.864097,0.835129,0.845050,3240,0.19,0.0050
Satimage,2,1.0,LFW(ours),0.878159,0.870359,0.835580,0.847118,36,0.39,0.0042
Satimage,2,1.0,FFT,0.891697,0.880050,0.855672,0.865084,43142,0.59,0.0033
Satimage,3,0.05,ZeroShot,0.884477,0.866701,0.865549,0.865475,0,0.00,0.0037
Satimage,3,0.05,VarFilter,0.826715,0.803073,0.820997,0.806924,0,0.00,0.0040
Satimage,3,0.05,MIFilter,0.783394,0.777511,0.795980,0.766050,0,0.00,0.0041
Satimage,3,0.05,LR,0.808664,0.778502,0.742227,0.754019,222,0.01,0.0001
Satimage,3,0.05,SVM,0.829422,0.819006,0.777664,0.790016,1599,0.00,0.0061
Satimage,3,0.05,RF,0.830325,0.835728,0.754819,0.769086,3520,0.25,0.0323
Satimage,3,0.05,LinearProbe,0.880866,0.892617,0.829155,0.842552,774,0.07,0.0032
Satimage,3,0.05,BitFit,0.884477,0.866701,0.865549,0.865475,390,0.06,0.0045
Satimage,3,0.05,SSF,0.884477,0.866701,0.865549,0.865475,840,0.07,0.0049
Satimage,3,0.05,Adapter,0.884477,0.866701,0.865549,0.865475,4240,0.06,0.0046
Satimage,3,0.05,LoRA,0.884477,0.866701,0.865549,0.865475,3240,0.07,0.0045
Satimage,3,0.05,LFW(ours),0.884477,0.866701,0.865549,0.865475,36,0.12,0.0038
Satimage,3,0.05,FFT,0.887184,0.880593,0.850376,0.860837,43142,0.14,0.0035
Satimage,3,0.1,ZeroShot,0.884477,0.866701,0.865549,0.865475,0,0.00,0.0034
Satimage,3,0.1,VarFilter,0.819495,0.799097,0.789584,0.785762,0,0.00,0.0069
Satimage,3,0.1,MIFilter,0.738267,0.756464,0.766801,0.718430,0,0.00,0.0068
Satimage,3,0.1,LR,0.815884,0.781719,0.759964,0.767472,222,0.01,0.0007
Satimage,3,0.1,SVM,0.855596,0.834958,0.816191,0.822708,2624,0.00,0.0115
Satimage,3,0.1,RF,0.852888,0.837956,0.804479,0.816498,5772,0.29,0.0419
Satimage,3,0.1,LinearProbe,0.886282,0.868831,0.866910,0.867291,774,0.07,0.0077
Satimage,3,0.1,BitFit,0.884477,0.866701,0.865549,0.865475,390,0.08,0.0058
Satimage,3,0.1,SSF,0.884477,0.866701,0.865549,0.865475,840,0.08,0.0088
Satimage,3,0.1,Adapter,0.884477,0.866701,0.865549,0.865475,4240,0.08,0.0072
Satimage,3,0.1,LoRA,0.884477,0.866701,0.865549,0.865475,3240,0.08,0.0045
Satimage,3,0.1,LFW(ours),0.884477,0.866701,0.865549,0.865475,36,0.15,0.0050
Satimage,3,0.1,FFT,0.885379,0.875527,0.853254,0.858627,43142,0.19,0.0051
Satimage,3,0.2,ZeroShot,0.884477,0.866701,0.865549,0.865475,0,0.00,0.0074
Satimage,3,0.2,VarFilter,0.847473,0.821203,0.814144,0.817087,0,0.00,0.0056
Satimage,3,0.2,MIFilter,0.699458,0.758250,0.752093,0.693218,0,0.00,0.0056
Satimage,3,0.2,LR,0.829422,0.800481,0.797951,0.798466,222,0.02,0.0002
Satimage,3,0.2,SVM,0.870939,0.846759,0.837686,0.839920,4264,0.00,0.0152
Satimage,3,0.2,RF,0.851083,0.839164,0.806864,0.818229,9496,0.30,0.0363
Satimage,3,0.2,LinearProbe,0.886282,0.868831,0.866910,0.867291,774,0.08,0.0044
Satimage,3,0.2,BitFit,0.884477,0.866701,0.865549,0.865475,390,0.09,0.0048
Satimage,3,0.2,SSF,0.884477,0.866701,0.865549,0.865475,840,0.09,0.0074
Satimage,3,0.2,Adapter,0.884477,0.866701,0.865549,0.865475,4240,0.08,0.0068
Satimage,3,0.2,LoRA,0.884477,0.866701,0.865549,0.865475,3240,0.10,0.0052
Satimage,3,0.2,LFW(ours),0.884477,0.866701,0.865549,0.865475,36,0.17,0.0086
Satimage,3,0.2,FFT,0.888989,0.877310,0.855647,0.863368,43142,0.30,0.0070
Satimage,3,0.5,ZeroShot,0.884477,0.866701,0.865549,0.865475,0,0.00,0.0059
Satimage,3,0.5,VarFilter,0.758123,0.770889,0.753454,0.735622,0,0.00,0.0055
Satimage,3,0.5,MIFilter,0.742780,0.761681,0.778146,0.734253,0,0.00,0.0054
Satimage,3,0.5,LR,0.834838,0.798030,0.789371,0.792135,222,0.04,0.0001
Satimage,3,0.5,SVM,0.872744,0.854558,0.829049,0.838105,7995,0.01,0.0290
Satimage,3,0.5,RF,0.871841,0.860162,0.829112,0.840399,19904,0.31,0.0411
Satimage,3,0.5,LinearProbe,0.877256,0.857750,0.864288,0.860023,774,0.12,0.0052
Satimage,3,0.5,BitFit,0.884477,0.866701,0.865549,0.865475,390,0.12,0.0044
Satimage,3,0.5,SSF,0.884477,0.866701,0.865549,0.865475,840,0.13,0.0096
Satimage,3,0.5,Adapter,0.884477,0.866701,0.865549,0.865475,4240,0.10,0.0056
Satimage,3,0.5,LoRA,0.884477,0.866701,0.865549,0.865475,3240,0.12,0.0046
Satimage,3,0.5,LFW(ours),0.884477,0.866701,0.865549,0.865475,36,0.23,0.0069
Satimage,3,0.5,FFT,0.879964,0.860589,0.860707,0.860517,43142,0.40,0.0050
Satimage,3,1.0,ZeroShot,0.884477,0.866701,0.865549,0.865475,0,0.00,0.0060
Satimage,3,1.0,VarFilter,0.768051,0.751529,0.682962,0.662212,0,0.00,0.0045
Satimage,3,1.0,MIFilter,0.759025,0.770496,0.786211,0.745585,0,0.00,0.0036
Satimage,3,1.0,LR,0.842960,0.805148,0.802779,0.802596,222,0.07,0.0005
Satimage,3,1.0,SVM,0.879061,0.855588,0.842828,0.846918,14555,0.02,0.0518
Satimage,3,1.0,RF,0.878159,0.865186,0.839943,0.850054,36542,0.45,0.0319
Satimage,3,1.0,LinearProbe,0.890794,0.876120,0.866525,0.870537,774,0.15,0.0052
Satimage,3,1.0,BitFit,0.888989,0.874709,0.862655,0.867658,390,0.29,0.0054
Satimage,3,1.0,SSF,0.888989,0.875101,0.860475,0.866182,840,0.31,0.0083
Satimage,3,1.0,Adapter,0.886282,0.869401,0.865940,0.867310,4240,0.16,0.0080
Satimage,3,1.0,LoRA,0.889892,0.876922,0.864708,0.869193,3240,0.35,0.0043
Satimage,3,1.0,LFW(ours),0.879061,0.863410,0.848316,0.854005,36,0.33,0.0054
Satimage,3,1.0,FFT,0.888087,0.872666,0.859785,0.864469,43142,0.39,0.0045
Satimage,4,0.05,ZeroShot,0.860108,0.837994,0.826352,0.830069,0,0.00,0.0040
Satimage,4,0.05,VarFilter,0.844765,0.817389,0.810124,0.812926,0,0.00,0.0044
Satimage,4,0.05,MIFilter,0.849278,0.822195,0.825701,0.823283,0,0.00,0.0050
Satimage,4,0.05,LR,0.804152,0.774620,0.754469,0.763077,222,0.02,0.0002
Satimage,4,0.05,SVM,0.811372,0.792263,0.756401,0.769265,1640,0.00,0.0061
Satimage,4,0.05,RF,0.798736,0.787323,0.728327,0.742089,3720,0.26,0.0324
Satimage,4,0.05,LinearProbe,0.861913,0.840214,0.827676,0.831751,774,0.06,0.0034
Satimage,4,0.05,BitFit,0.860108,0.837994,0.826352,0.830069,390,0.07,0.0042
Satimage,4,0.05,SSF,0.860108,0.837994,0.826352,0.830069,840,0.07,0.0074
Satimage,4,0.05,Adapter,0.860108,0.837994,0.826352,0.830069,4240,0.06,0.0046
Satimage,4,0.05,LoRA,0.860108,0.837994,0.826352,0.830069,3240,0.07,0.0036
Satimage,4,0.05,LFW(ours),0.860108,0.837994,0.826352,0.830069,36,0.13,0.0038
Satimage,4,0.05,FFT,0.863718,0.842734,0.831249,0.835648,43142,0.14,0.0033
Satimage,4,0.1,ZeroShot,0.860108,0.837994,0.826352,0.830069,0,0.00,0.0039
Satimage,4,0.1,VarFilter,0.702166,0.672594,0.601237,0.614990,0,0.00,0.0033
Satimage,4,0.1,MIFilter,0.806859,0.779232,0.804584,0.783472,0,0.00,0.0033
Satimage,4,0.1,LR,0.796931,0.769492,0.746891,0.755624,222,0.01,0.0001
Satimage,4,0.1,SVM,0.813177,0.794079,0.782857,0.784580,2460,0.00,0.0079
Satimage,4,0.1,RF,0.799639,0.783453,0.754150,0.761842,5626,0.26,0.0332
Satimage,4,0.1,LinearProbe,0.861913,0.840214,0.827676,0.831751,774,0.07,0.0034
Satimage,4,0.1,BitFit,0.860108,0.837994,0.826352,0.830069,390,0.06,0.0041
Satimage,4,0.1,SSF,0.860108,0.837994,0.826352,0.830069,840,0.07,0.0055
Satimage,4,0.1,Adapter,0.860108,0.837994,0.826352,0.830069,4240,0.06,0.0060
Satimage,4,0.1,LoRA,0.860108,0.837994,0.826352,0.830069,3240,0.07,0.0041
Satimage,4,0.1,LFW(ours),0.860108,0.837994,0.826352,0.830069,36,0.14,0.0037
Satimage,4,0.1,FFT,0.860108,0.837157,0.828859,0.831681,43142,0.15,0.0044
Satimage,4,0.2,ZeroShot,0.860108,0.837994,0.826352,0.830069,0,0.00,0.0036
Satimage,4,0.2,VarFilter,0.844765,0.836269,0.780081,0.795389,0,0.00,0.0037
Satimage,4,0.2,MIFilter,0.789711,0.774319,0.795508,0.770248,0,0.00,0.0050
Satimage,4,0.2,LR,0.815884,0.782258,0.769819,0.775476,222,0.02,0.0002
Satimage,4,0.2,SVM,0.846570,0.818919,0.816064,0.816197,4223,0.00,0.0117
Satimage,4,0.2,RF,0.846570,0.826908,0.806128,0.814257,9888,0.27,0.0324
Satimage,4,0.2,LinearProbe,0.861913,0.840214,0.827676,0.831751,774,0.07,0.0053
Satimage,4,0.2,BitFit,0.860108,0.837994,0.826352,0.830069,390,0.07,0.0043
Satimage,4,0.2,SSF,0.860108,0.837994,0.826352,0.830069,840,0.08,0.0067
Satimage,4,0.2,Adapter,0.860108,0.837994,0.826352,0.830069,4240,0.07,0.0060
Satimage,4,0.2,LoRA,0.860108,0.837994,0.826352,0.830069,3240,0.08,0.0036
Satimage,4,0.2,LFW(ours),0.860108,0.837994,0.826352,0.830069,36,0.14,0.0041
Satimage,4,0.2,FFT,0.871841,0.847963,0.836952,0.840667,43142,0.17,0.0044
Satimage,4,0.5,ZeroShot,0.860108,0.837994,0.826352,0.830069,0,0.00,0.0037
Satimage,4,0.5,VarFilter,0.819495,0.790020,0.803395,0.792780,0,0.00,0.0037
Satimage,4,0.5,MIFilter,0.750000,0.752476,0.774760,0.733792,0,0.00,0.0050
Satimage,4,0.5,LR,0.819495,0.785205,0.773886,0.778577,222,0.03,0.0001
Satimage,4,0.5,SVM,0.866426,0.843460,0.831466,0.836312,8200,0.00,0.0265
Satimage,4,0.5,RF,0.857401,0.840356,0.815603,0.824769,19952,0.27,0.0332
Satimage,4,0.5,LinearProbe,0.863718,0.843199,0.828971,0.833004,774,0.09,0.0041
Satimage,4,0.5,BitFit,0.860108,0.837994,0.826352,0.830069,390,0.08,0.0034
Satimage,4,0.5,SSF,0.860108,0.837994,0.826352,0.830069,840,0.10,0.0073
Satimage,4,0.5,Adapter,0.860108,0.837994,0.826352,0.830069,4240,0.09,0.0047
Satimage,4,0.5,LoRA,0.857401,0.836833,0.826557,0.829969,3240,0.21,0.0040
Satimage,4,0.5,LFW(ours),0.860108,0.837994,0.826352,0.830069,36,0.17,0.0051
Satimage,4,0.5,FFT,0.866426,0.843373,0.827359,0.832476,43142,0.36,0.0044
Satimage,4,1.0,ZeroShot,0.860108,0.837994,0.826352,0.830069,0,0.00,0.0041
Satimage,4,1.0,VarFilter,0.861913,0.848763,0.815669,0.824198,0,0.00,0.0043
Satimage,4,1.0,MIFilter,0.750000,0.752476,0.774760,0.733792,0,0.00,0.0039
Satimage,4,1.0,LR,0.832130,0.789736,0.774100,0.778600,222,0.05,0.0002
Satimage,4,1.0,SVM,0.891697,0.876563,0.852563,0.860696,14965,0.01,0.0424
Satimage,4,1.0,RF,0.882671,0.867612,0.844103,0.852089,36930,0.28,0.0325
Satimage,4,1.0,LinearProbe,0.870036,0.841949,0.833872,0.836105,774,0.13,0.0042
Satimage,4,1.0,BitFit,0.866426,0.844062,0.832770,0.836880,390,0.22,0.0056
Satimage,4,1.0,SSF,0.867329,0.844663,0.833408,0.837506,840,0.24,0.0058
Satimage,4,1.0,Adapter,0.861913,0.838239,0.828129,0.831768,4240,0.15,0.0054
Satimage,4,1.0,LoRA,0.867329,0.841967,0.837717,0.838225,3240,0.31,0.0044
Satimage,4,1.0,LFW(ours),0.863718,0.838589,0.823645,0.828756,36,0.45,0.0044
Satimage,4,1.0,FFT,0.875451,0.851334,0.844843,0.847539,43142,0.62,0.0034
Digits,0,0.1,ZeroShot,0.948775,0.949216,0.947861,0.947793,0,0.00,0.0017
Digits,0,0.1,VarFilter,0.939866,0.940892,0.938818,0.938908,0,0.00,0.0027
Digits,0,0.1,MIFilter,0.899777,0.912161,0.898406,0.899499,0,0.00,0.0025
Digits,0,0.1,LR,0.777283,0.791998,0.771625,0.772095,650,0.02,0.0004
Digits,0,0.1,SVM,0.342984,0.170060,0.329285,0.211872,2555,0.00,0.0050
Digits,0,0.1,RF,0.777283,0.797045,0.768960,0.767506,4550,0.26,0.0808
Digits,0,0.1,LinearProbe,0.948775,0.949216,0.947861,0.947793,1290,0.07,0.0022
Digits,0,0.1,BitFit,0.948775,0.949216,0.947861,0.947793,394,0.06,0.0019
Digits,0,0.1,SSF,0.944321,0.945491,0.943408,0.943534,896,0.11,0.0028
Digits,0,0.1,Adapter,0.946548,0.947420,0.945535,0.945742,4240,0.09,0.0014
Digits,0,0.1,LoRA,0.948775,0.949216,0.947861,0.947793,3368,0.07,0.0019
Digits,0,0.1,LFW(ours),0.948775,0.949216,0.947861,0.947793,64,0.12,0.0018
Digits,0,0.1,FFT,0.944321,0.944856,0.943443,0.943243,50826,0.15,0.0018
Digits,0,0.2,ZeroShot,0.948775,0.949216,0.947861,0.947793,0,0.00,0.0017
Digits,0,0.2,VarFilter,0.953229,0.954002,0.952906,0.952450,0,0.00,0.0023
Digits,0,0.2,MIFilter,0.881960,0.885928,0.881119,0.880554,0,0.00,0.0023
Digits,0,0.2,LR,0.864143,0.868129,0.861156,0.862673,650,0.09,0.0003
Digits,0,0.2,SVM,0.106904,0.010690,0.100000,0.019316,5037,0.00,0.0084
Digits,0,0.2,RF,0.864143,0.868310,0.859723,0.860419,7418,0.26,0.0812
Digits,0,0.2,LinearProbe,0.946548,0.947859,0.944983,0.945708,1290,0.07,0.0022
Digits,0,0.2,BitFit,0.948775,0.949216,0.947861,0.947793,394,0.06,0.0022
Digits,0,0.2,SSF,0.948775,0.949216,0.947861,0.947793,896,0.06,0.0033
Digits,0,0.2,Adapter,0.946548,0.947185,0.945195,0.945527,4240,0.12,0.0024
Digits,0,0.2,LoRA,0.948775,0.949216,0.947861,0.947793,3368,0.07,0.0013
Digits,0,0.2,LFW(ours),0.944321,0.945315,0.942453,0.942786,64,0.16,0.0018
Digits,0,0.2,FFT,0.942094,0.942993,0.940687,0.941152,50826,0.14,0.0020
Digits,0,0.5,ZeroShot,0.948775,0.949216,0.947861,0.947793,0,0.00,0.0018
Digits,0,0.5,VarFilter,0.948775,0.950364,0.947682,0.947757,0,0.00,0.0016
Digits,0,0.5,MIFilter,0.939866,0.940567,0.938013,0.938436,0,0.00,0.0030
Digits,0,0.5,LR,0.930958,0.933657,0.928841,0.929816,650,0.01,0.0004
Digits,0,0.5,SVM,0.311804,0.313687,0.292066,0.240559,13140,0.01,0.0329
Digits,0,0.5,RF,0.922049,0.924424,0.919163,0.920027,15274,0.26,0.0812
Digits,0,0.5,LinearProbe,0.944321,0.946302,0.943190,0.943707,1290,0.10,0.0012
Digits,0,0.5,BitFit,0.948775,0.949216,0.947861,0.947793,394,0.07,0.0017
Digits,0,0.5,SSF,0.948775,0.949216,0.947861,0.947793,896,0.07,0.0029
Digits,0,0.5,Adapter,0.948775,0.949216,0.947861,0.947793,4240,0.07,0.0015
Digits,0,0.5,LoRA,0.948775,0.949216,0.947861,0.947793,3368,0.07,0.0019
Digits,0,0.5,LFW(ours),0.935412,0.937176,0.933541,0.933924,64,0.28,0.0023
Digits,0,0.5,FFT,0.946548,0.947320,0.944715,0.945400,50826,0.24,0.0011
Digits,0,1.0,ZeroShot,0.948775,0.949216,0.947861,0.947793,0,0.00,0.0020
Digits,0,1.0,VarFilter,0.939866,0.940997,0.938463,0.938496,0,0.00,0.0016
Digits,0,1.0,MIFilter,0.939866,0.940320,0.937673,0.938202,0,0.00,0.0016
Digits,0,1.0,LR,0.959911,0.960446,0.958445,0.958733,650,0.12,0.0004
Digits,0,1.0,SVM,0.109131,0.010913,0.100000,0.019679,26207,0.01,0.0508
Digits,0,1.0,RF,0.933185,0.937104,0.931245,0.931451,24676,0.26,0.0813
Digits,0,1.0,LinearProbe,0.948775,0.949216,0.947861,0.947793,1290,0.07,0.0023
Digits,0,1.0,BitFit,0.951002,0.951443,0.950083,0.950090,394,0.09,0.0018
Digits,0,1.0,SSF,0.951002,0.951443,0.950083,0.950090,896,0.10,0.0035
Digits,0,1.0,Adapter,0.951002,0.951443,0.950083,0.950090,4240,0.09,0.0014
Digits,0,1.0,LoRA,0.926503,0.925545,0.923971,0.923612,3368,0.15,0.0020
Digits,0,1.0,LFW(ours),0.951002,0.951507,0.949957,0.949993,64,0.18,0.0017
Digits,0,1.0,FFT,0.944321,0.947177,0.941662,0.942898,50826,0.23,0.0020
Digits,1,0.1,ZeroShot,0.964365,0.964231,0.964236,0.963719,0,0.00,0.0019
Digits,1,0.1,VarFilter,0.942094,0.944738,0.941411,0.941583,0,0.00,0.0019
Digits,1,0.1,MIFilter,0.886414,0.898042,0.884979,0.886415,0,0.00,0.0021
Digits,1,0.1,LR,0.763920,0.795721,0.756877,0.760427,650,0.01,0.0004
Digits,1,0.1,SVM,0.487751,0.335640,0.464067,0.369310,2555,0.00,0.0051
Digits,1,0.1,RF,0.750557,0.770718,0.741877,0.740113,4838,0.26,0.0825
Digits,1,0.1,LinearProbe,0.964365,0.964231,0.964236,0.963719,1290,0.07,0.0026
Digits,1,0.1,BitFit,0.964365,0.964231,0.964236,0.963719,394,0.06,0.0017
Digits,1,0.1,SSF,0.964365,0.964231,0.964236,0.963719,896,0.06,0.0019
Digits,1,0.1,Adapter,0.964365,0.964231,0.964236,0.963719,4240,0.06,0.0014
Digits,1,0.1,LoRA,0.964365,0.964231,0.964236,0.963719,3368,0.06,0.0013
Digits,1,0.1,LFW(ours),0.964365,0.964231,0.964236,0.963719,64,0.12,0.0011
Digits,1,0.1,FFT,0.955457,0.954801,0.954538,0.954313,50826,0.14,0.0015
Digits,1,0.2,ZeroShot,0.964365,0.964231,0.964236,0.963719,0,0.00,0.0019
Digits,1,0.2,VarFilter,0.948775,0.949285,0.947956,0.947983,0,0.00,0.0021
Digits,1,0.2,MIFilter,0.908686,0.915434,0.908440,0.908331,0,0.00,0.0023
Digits,1,0.2,LR,0.884187,0.886442,0.882257,0.882476,650,0.01,0.0003
Digits,1,0.2,SVM,0.213808,0.052723,0.197917,0.080609,5037,0.00,0.0095
Digits,1,0.2,RF,0.870824,0.870164,0.866800,0.863706,7816,0.31,0.0796
Digits,1,0.2,LinearProbe,0.957684,0.957668,0.957288,0.957182,1290,0.08,0.0026
Digits,1,0.2,BitFit,0.964365,0.964231,0.964236,0.963719,394,0.09,0.0021
Digits,1,0.2,SSF,0.964365,0.964231,0.964236,0.963719,896,0.10,0.0042
Digits,1,0.2,Adapter,0.964365,0.964231,0.964236,0.963719,4240,0.11,0.0035
Digits,1,0.2,LoRA,0.955457,0.954873,0.955121,0.954638,3368,0.13,0.0027
Digits,1,0.2,LFW(ours),0.964365,0.964231,0.964236,0.963719,64,0.16,0.0023
Digits,1,0.2,FFT,0.957684,0.956914,0.957288,0.956912,50826,0.21,0.0024
Digits,1,0.5,ZeroShot,0.964365,0.964231,0.964236,0.963719,0,0.00,0.0017
Digits,1,0.5,VarFilter,0.951002,0.950925,0.950217,0.949594,0,0.00,0.0038
Digits,1,0.5,MIFilter,0.962138,0.961207,0.961618,0.961168,0,0.00,0.0017
Digits,1,0.5,LR,0.942094,0.941936,0.941409,0.941111,650,0.01,0.0004
Digits,1,0.5,SVM,0.287305,0.311232,0.268883,0.211372,13140,0.01,0.0287
Digits,1,0.5,RF,0.908686,0.909960,0.907998,0.907539,15076,0.31,0.0791
Digits,1,0.5,LinearProbe,0.955457,0.956257,0.954903,0.954644,1290,0.13,0.0049
Digits,1,0.5,BitFit,0.964365,0.964231,0.964236,0.963719,394,0.09,0.0020
Digits,1,0.5,SSF,0.964365,0.964231,0.964236,0.963719,896,0.10,0.0026
Digits,1,0.5,Adapter,0.964365,0.964231,0.964236,0.963719,4240,0.08,0.0020
Digits,1,0.5,LoRA,0.964365,0.964231,0.964236,0.963719,3368,0.11,0.0023
Digits,1,0.5,LFW(ours),0.962138,0.961647,0.961855,0.961404,64,0.19,0.0026
Digits,1,0.5,FFT,0.951002,0.950163,0.949647,0.949561,50826,0.36,0.0020
Digits,1,1.0,ZeroShot,0.964365,0.964231,0.964236,0.963719,0,0.00,0.0017
Digits,1,1.0,VarFilter,0.953229,0.952842,0.953203,0.952247,0,0.00,0.0019
Digits,1,1.0,MIFilter,0.971047,0.970243,0.970788,0.970218,0,0.00,0.0019
Digits,1,1.0,LR,0.959911,0.960305,0.958716,0.959044,650,0.01,0.0005
Digits,1,1.0,SVM,0.730512,0.742602,0.715610,0.677338,26207,0.02,0.0634
Digits,1,1.0,RF,0.937639,0.938228,0.936741,0.936745,25484,0.32,0.0800
Digits,1,1.0,LinearProbe,0.964365,0.964231,0.964236,0.963719,1290,0.10,0.0019
Digits,1,1.0,BitFit,0.964365,0.964231,0.964236,0.963719,394,0.11,0.0034
Digits,1,1.0,SSF,0.964365,0.964231,0.964236,0.963719,896,0.12,0.0030
Digits,1,1.0,Adapter,0.964365,0.964231,0.964236,0.963719,4240,0.10,0.0022
Digits,1,1.0,LoRA,0.955457,0.955703,0.954463,0.954314,3368,0.13,0.0023
Digits,1,1.0,LFW(ours),0.964365,0.964231,0.964236,0.963719,64,0.21,0.0021
Digits,1,1.0,FFT,0.964365,0.964613,0.963864,0.963952,50826,0.28,0.0015
Digits,2,0.1,ZeroShot,0.957684,0.957359,0.957991,0.956900,0,0.00,0.0020
Digits,2,0.1,VarFilter,0.968820,0.967983,0.968713,0.967955,0,0.00,0.0025
Digits,2,0.1,MIFilter,0.884187,0.903758,0.884735,0.879409,0,0.00,0.0023
Digits,2,0.1,LR,0.755011,0.758788,0.745396,0.746690,650,0.01,0.0006
Digits,2,0.1,SVM,0.472160,0.301384,0.449886,0.344273,2555,0.00,0.0091
Digits,2,0.1,RF,0.783964,0.770446,0.777604,0.767018,4726,0.31,0.0803
Digits,2,0.1,LinearProbe,0.959911,0.959423,0.960316,0.959114,1290,0.07,0.0023
Digits,2,0.1,BitFit,0.957684,0.957359,0.957991,0.956900,394,0.08,0.0031
Digits,2,0.1,SSF,0.957684,0.957359,0.957991,0.956900,896,0.08,0.0042
Digits,2,0.1,Adapter,0.957684,0.957359,0.957991,0.956900,4240,0.07,0.0018
Digits,2,0.1,LoRA,0.957684,0.957359,0.957991,0.956900,3368,0.08,0.0023
Digits,2,0.1,LFW(ours),0.957684,0.957359,0.957991,0.956900,64,0.14,0.0022
Digits,2,0.1,FFT,0.957684,0.957390,0.957531,0.956925,50826,0.19,0.0025
Digits,2,0.2,ZeroShot,0.957684,0.957359,0.957991,0.956900,0,0.00,0.0019
Digits,2,0.2,VarFilter,0.959911,0.959034,0.959743,0.958956,0,0.00,0.0027
Digits,2,0.2,MIFilter,0.868597,0.889259,0.867294,0.866419,0,0.00,0.0021
Digits,2,0.2,LR,0.881960,0.886442,0.877198,0.877431,650,0.01,0.0004
Digits,2,0.2,SVM,0.213808,0.059395,0.197917,0.086715,5037,0.00,0.0143
Digits,2,0.2,RF,0.870824,0.874400,0.866185,0.865355,7618,0.32,0.0801
Digits,2,0.2,LinearProbe,0.959911,0.959423,0.960316,0.959114,1290,0.08,0.0018
Digits,2,0.2,BitFit,0.957684,0.957359,0.957991,0.956900,394,0.07,0.0019
Digits,2,0.2,SSF,0.957684,0.957359,0.957991,0.956900,896,0.08,0.0043
Digits,2,0.2,Adapter,0.957684,0.957359,0.957991,0.956900,4240,0.08,0.0035
Digits,2,0.2,LoRA,0.957684,0.957359,0.957991,0.956900,3368,0.09,0.0037
Digits,2,0.2,LFW(ours),0.957684,0.957359,0.957991,0.956900,64,0.16,0.0027
Digits,2,0.2,FFT,0.962138,0.961439,0.962380,0.961406,50826,0.21,0.0018
Digits,2,0.5,ZeroShot,0.957684,0.957359,0.957991,0.956900,0,0.00,0.0016
Digits,2,0.5,VarFilter,0.964365,0.963503,0.963863,0.963342,0,0.00,0.0015
Digits,2,0.5,MIFilter,0.968820,0.967983,0.968713,0.967955,0,0.00,0.0019
Digits,2,0.5,LR,0.928731,0.930200,0.927774,0.928129,650,0.01,0.0003
Digits,2,0.5,SVM,0.329621,0.311957,0.308777,0.251992,13140,0.00,0.0358
Digits,2,0.5,RF,0.928731,0.928778,0.927838,0.927664,14662,0.29,0.0775
Digits,2,0.5,LinearProbe,0.955457,0.954528,0.955005,0.954383,1290,0.12,0.0038
Digits,2,0.5,BitFit,0.959911,0.959423,0.960316,0.959114,394,0.11,0.0019
Digits,2,0.5,SSF,0.957684,0.957359,0.957991,0.956900,896,0.11,0.0032
Digits,2,0.5,Adapter,0.957684,0.957359,0.957991,0.956900,4240,0.09,0.0029
Digits,2,0.5,LoRA,0.957684,0.957359,0.957991,0.956900,3368,0.10,0.0027
Digits,2,0.5,LFW(ours),0.957684,0.957069,0.957719,0.956750,64,0.17,0.0021
Digits,2,0.5,FFT,0.964365,0.964897,0.964261,0.963743,50826,0.47,0.0025
Digits,2,1.0,ZeroShot,0.957684,0.957359,0.957991,0.956900,0,0.00,0.0019
Digits,2,1.0,VarFilter,0.944321,0.943334,0.943637,0.942881,0,0.00,0.0027
Digits,2,1.0,MIFilter,0.955457,0.954753,0.955298,0.954420,0,0.00,0.0024
Digits,2,1.0,LR,0.957684,0.957057,0.957254,0.956632,650,0.02,0.0003
Digits,2,1.0,SVM,0.752784,0.860873,0.738451,0.718722,26280,0.01,0.0599
Digits,2,1.0,RF,0.955457,0.955496,0.954649,0.954095,25598,0.31,0.0816
Digits,2,1.0,LinearProbe,0.964365,0.963826,0.963774,0.963288,1290,0.16,0.0015
Digits,2,1.0,BitFit,0.957684,0.957117,0.957877,0.956724,394,0.18,0.0020
Digits,2,1.0,SSF,0.959911,0.959395,0.960100,0.959026,896,0.16,0.0034
Digits,2,1.0,Adapter,0.962138,0.961701,0.962539,0.961416,4240,0.14,0.0033
Digits,2,1.0,LoRA,0.953229,0.952224,0.953153,0.952165,3368,0.17,0.0028
Digits,2,1.0,LFW(ours),0.953229,0.952154,0.952511,0.952149,64,0.27,0.0019
Digits,2,1.0,FFT,0.968820,0.968387,0.968575,0.968006,50826,0.33,0.0019
Digits,3,0.1,ZeroShot,0.971047,0.970267,0.970737,0.970258,0,0.00,0.0016
Digits,3,0.1,VarFilter,0.973274,0.972194,0.972437,0.972195,0,0.00,0.0023
Digits,3,0.1,MIFilter,0.897550,0.903165,0.895163,0.896180,0,0.00,0.0030
Digits,3,0.1,LR,0.837416,0.848966,0.832497,0.833806,650,0.01,0.0003
Digits,3,0.1,SVM,0.483296,0.337545,0.460134,0.367283,2555,0.00,0.0054
Digits,3,0.1,RF,0.806236,0.821422,0.800739,0.801348,4898,0.31,0.0825
Digits,3,0.1,LinearProbe,0.971047,0.970267,0.970737,0.970258,1290,0.08,0.0025
Digits,3,0.1,BitFit,0.971047,0.970267,0.970737,0.970258,394,0.08,0.0031
Digits,3,0.1,SSF,0.971047,0.970267,0.970737,0.970258,896,0.07,0.0042
Digits,3,0.1,Adapter,0.971047,0.970267,0.970737,0.970258,4240,0.07,0.0059
Digits,3,0.1,LoRA,0.971047,0.970267,0.970737,0.970258,3368,0.09,0.0040
Digits,3,0.1,LFW(ours),0.973274,0.972628,0.973089,0.972437,64,0.17,0.0017
Digits,3,0.1,FFT,0.964365,0.963373,0.964074,0.963353,50826,0.19,0.0024
Digits,3,0.2,ZeroShot,0.971047,0.970267,0.970737,0.970258,0,0.00,0.0014
Digits,3,0.2,VarFilter,0.971047,0.970275,0.969962,0.970072,0,0.00,0.0025
Digits,3,0.2,MIFilter,0.922049,0.923772,0.921552,0.919912,0,0.00,0.0022
Digits,3,0.2,LR,0.868597,0.870520,0.865746,0.866035,650,0.01,0.0004
Digits,3,0.2,SVM,0.211581,0.048010,0.195833,0.075600,5037,0.00,0.0162
Digits,3,0.2,RF,0.868597,0.870757,0.865287,0.864888,8044,0.33,0.0805
Digits,3,0.2,LinearProbe,0.971047,0.970267,0.970737,0.970258,1290,0.08,0.0026
Digits,3,0.2,BitFit,0.971047,0.970267,0.970737,0.970258,394,0.08,0.0023
Digits,3,0.2,SSF,0.971047,0.970267,0.970737,0.970258,896,0.08,0.0029
Digits,3,0.2,Adapter,0.971047,0.970267,0.970737,0.970258,4240,0.08,0.0028
Digits,3,0.2,LoRA,0.971047,0.970267,0.970737,0.970258,3368,0.08,0.0016
Digits,3,0.2,LFW(ours),0.971047,0.970267,0.970737,0.970258,64,0.15,0.0025
Digits,3,0.2,FFT,0.968820,0.967739,0.968139,0.967749,50826,0.19,0.0015
Digits,3,0.5,ZeroShot,0.971047,0.970267,0.970737,0.970258,0,0.00,0.0020
Digits,3,0.5,VarFilter,0.959911,0.959105,0.958901,0.958755,0,0.00,0.0021
Digits,3,0.5,MIFilter,0.971047,0.970045,0.970397,0.970076,0,0.00,0.0023
Digits,3,0.5,LR,0.910913,0.910236,0.908088,0.907310,650,0.01,0.0006
Digits,3,0.5,SVM,0.314031,0.295777,0.293839,0.217651,13140,0.00,0.0412
Digits,3,0.5,RF,0.915367,0.915365,0.913750,0.913503,15464,0.30,0.0815
Digits,3,0.5,LinearProbe,0.957684,0.958472,0.957069,0.956844,1290,0.09,0.0032
Digits,3,0.5,BitFit,0.971047,0.970267,0.970737,0.970258,394,0.09,0.0026
Digits,3,0.5,SSF,0.971047,0.970267,0.970737,0.970258,896,0.09,0.0029
Digits,3,0.5,Adapter,0.971047,0.970267,0.970737,0.970258,4240,0.10,0.0028
Digits,3,0.5,LoRA,0.971047,0.970267,0.970737,0.970258,3368,0.09,0.0046
Digits,3,0.5,LFW(ours),0.971047,0.970269,0.970737,0.970213,64,0.19,0.0018
Digits,3,0.5,FFT,0.968820,0.968216,0.968103,0.967930,50826,0.21,0.0054
Digits,3,1.0,ZeroShot,0.971047,0.970267,0.970737,0.970258,0,0.00,0.0019
Digits,3,1.0,VarFilter,0.964365,0.964899,0.963127,0.963166,0,0.00,0.0031
Digits,3,1.0,MIFilter,0.973274,0.972316,0.972778,0.972371,0,0.00,0.0023
Digits,3,1.0,LR,0.939866,0.937500,0.937082,0.936569,650,0.01,0.0003
Digits,3,1.0,SVM,0.730512,0.838996,0.715970,0.693298,26280,0.01,0.0560
Digits,3,1.0,RF,0.942094,0.940677,0.940243,0.939963,24848,0.31,0.0821
Digits,3,1.0,LinearProbe,0.964365,0.964370,0.962836,0.963188,1290,0.14,0.0022
Digits,3,1.0,BitFit,0.971047,0.970267,0.970737,0.970258,394,0.11,0.0040
Digits,3,1.0,SSF,0.971047,0.970267,0.970737,0.970258,896,0.11,0.0037
Digits,3,1.0,Adapter,0.971047,0.970267,0.970737,0.970258,4240,0.10,0.0031
Digits,3,1.0,LoRA,0.942094,0.940967,0.940469,0.940410,3368,0.26,0.0023
Digits,3,1.0,LFW(ours),0.971047,0.970439,0.970380,0.970260,64,0.30,0.0031
Digits,3,1.0,FFT,0.957684,0.957376,0.956446,0.956497,50826,0.28,0.0023
Digits,4,0.1,ZeroShot,0.971047,0.970164,0.970313,0.969991,0,0.00,0.0018
Digits,4,0.1,VarFilter,0.968820,0.967443,0.967761,0.967317,0,0.00,0.0051
Digits,4,0.1,MIFilter,0.937639,0.937720,0.936068,0.936172,0,0.00,0.0022
Digits,4,0.1,LR,0.810690,0.812728,0.805352,0.801623,650,0.01,0.0003
Digits,4,0.1,SVM,0.485523,0.266174,0.461330,0.330271,2555,0.00,0.0056
Digits,4,0.1,RF,0.783964,0.810866,0.776173,0.773155,4630,0.31,0.0798
Digits,4,0.1,LinearProbe,0.971047,0.970164,0.970313,0.969991,1290,0.09,0.0038
Digits,4,0.1,BitFit,0.971047,0.970164,0.970313,0.969991,394,0.07,0.0022
Digits,4,0.1,SSF,0.971047,0.970164,0.970313,0.969991,896,0.07,0.0037
Digits,4,0.1,Adapter,0.971047,0.970164,0.970313,0.969991,4240,0.07,0.0022
Digits,4,0.1,LoRA,0.971047,0.970164,0.970313,0.969991,3368,0.08,0.0021
Digits,4,0.1,LFW(ours),0.971047,0.970164,0.970313,0.969991,64,0.15,0.0025
Digits,4,0.1,FFT,0.966592,0.966997,0.966108,0.966045,50826,0.19,0.0019
Digits,4,0.2,ZeroShot,0.971047,0.970164,0.970313,0.969991,0,0.00,0.0023
Digits,4,0.2,VarFilter,0.955457,0.954904,0.954481,0.954067,0,0.00,0.0020
Digits,4,0.2,MIFilter,0.888641,0.891888,0.888728,0.887364,0,0.00,0.0020
Digits,4,0.2,LR,0.888641,0.893388,0.886229,0.888247,650,0.01,0.0003
Digits,4,0.2,SVM,0.207127,0.045864,0.191667,0.072750,5037,0.00,0.0136
Digits,4,0.2,RF,0.881960,0.890861,0.878728,0.880828,7732,0.25,0.0805
Digits,4,0.2,LinearProbe,0.971047,0.970164,0.970313,0.969991,1290,0.06,0.0020
Digits,4,0.2,BitFit,0.971047,0.970164,0.970313,0.969991,394,0.06,0.0019
Digits,4,0.2,SSF,0.971047,0.970164,0.970313,0.969991,896,0.06,0.0030
Digits,4,0.2,Adapter,0.971047,0.970164,0.970313,0.969991,4240,0.06,0.0021
Digits,4,0.2,LoRA,0.971047,0.970164,0.970313,0.969991,3368,0.06,0.0017
Digits,4,0.2,LFW(ours),0.971047,0.970164,0.970313,0.969991,64,0.13,0.0021
Digits,4,0.2,FFT,0.968820,0.968215,0.967864,0.967635,50826,0.14,0.0016
Digits,4,0.5,ZeroShot,0.971047,0.970164,0.970313,0.969991,0,0.00,0.0011
Digits,4,0.5,VarFilter,0.964365,0.963893,0.963478,0.963491,0,0.00,0.0018
Digits,4,0.5,MIFilter,0.968820,0.967744,0.967906,0.967666,0,0.00,0.0016
Digits,4,0.5,LR,0.906459,0.906118,0.903232,0.903206,650,0.01,0.0005
Digits,4,0.5,SVM,0.287305,0.209185,0.268706,0.203327,13140,0.00,0.0230
Digits,4,0.5,RF,0.906459,0.910711,0.901938,0.903029,15430,0.26,0.0806
Digits,4,0.5,LinearProbe,0.971047,0.970164,0.970313,0.969991,1290,0.06,0.0018
Digits,4,0.5,BitFit,0.971047,0.970164,0.970313,0.969991,394,0.07,0.0021
Digits,4,0.5,SSF,0.971047,0.970164,0.970313,0.969991,896,0.08,0.0035
Digits,4,0.5,Adapter,0.971047,0.970164,0.970313,0.969991,4240,0.07,0.0019
Digits,4,0.5,LoRA,0.971047,0.970164,0.970313,0.969991,3368,0.08,0.0021
Digits,4,0.5,LFW(ours),0.968820,0.967938,0.967606,0.967517,64,0.19,0.0012
Digits,4,0.5,FFT,0.973274,0.972748,0.972247,0.972312,50826,0.18,0.0014
Digits,4,1.0,ZeroShot,0.971047,0.970164,0.970313,0.969991,0,0.00,0.0017
Digits,4,1.0,VarFilter,0.946548,0.946687,0.946020,0.945113,0,0.00,0.0019
Digits,4,1.0,MIFilter,0.968820,0.967828,0.967932,0.967755,0,0.00,0.0017
Digits,4,1.0,LR,0.948775,0.949092,0.946624,0.947006,650,0.01,0.0003
Digits,4,1.0,SVM,0.712695,0.835954,0.699152,0.669469,26280,0.02,0.0451
Digits,4,1.0,RF,0.951002,0.953437,0.948131,0.948998,25494,0.27,0.1025
Digits,4,1.0,LinearProbe,0.962138,0.962459,0.960421,0.960792,1290,0.48,0.0052
Digits,4,1.0,BitFit,0.971047,0.970164,0.970313,0.969991,394,0.13,0.0020
Digits,4,1.0,SSF,0.971047,0.970164,0.970313,0.969991,896,0.11,0.0041
Digits,4,1.0,Adapter,0.966592,0.966855,0.965457,0.965821,4240,0.23,0.0027
Digits,4,1.0,LoRA,0.964365,0.964665,0.962860,0.963085,3368,0.12,0.0012
Digits,4,1.0,LFW(ours),0.973274,0.972839,0.971988,0.971936,64,0.20,0.0011
Digits,4,1.0,FFT,0.966592,0.967424,0.965023,0.965707,50826,0.28,0.0015
Spambase,0,0.05,ZeroShot,0.950435,0.951154,0.944814,0.947743,0,0.00,0.0042
Spambase,0,0.05,VarFilter,0.931304,0.936833,0.919759,0.926742,0,0.00,0.0048
Spambase,0,0.05,MIFilter,0.922609,0.927891,0.910267,0.917392,0,0.00,0.0047
Spambase,0,0.05,LR,0.819130,0.810188,0.812923,0.811457,58,0.00,0.0001
Spambase,0,0.05,SVM,0.802609,0.798824,0.781905,0.787883,1682,0.00,0.0037
Spambase,0,0.05,RF,0.873913,0.899657,0.844979,0.859960,2050,0.26,0.0317
Spambase,0,0.05,LinearProbe,0.951304,0.952287,0.945531,0.948638,258,0.06,0.0047
Spambase,0,0.05,BitFit,0.950435,0.951154,0.944814,0.947743,386,0.06,0.0047
Spambase,0,0.05,SSF,0.950435,0.951154,0.944814,0.947743,882,0.06,0.0064
Spambase,0,0.05,Adapter,0.950435,0.951154,0.944814,0.947743,4240,0.07,0.0052
Spambase,0,0.05,LoRA,0.950435,0.951154,0.944814,0.947743,3308,0.07,0.0046
Spambase,0,0.05,LFW(ours),0.950435,0.951154,0.944814,0.947743,57,0.13,0.0042
Spambase,0,0.05,FFT,0.949565,0.950863,0.943324,0.946759,48002,0.17,0.0046
Spambase,0,0.1,ZeroShot,0.950435,0.951154,0.944814,0.947743,0,0.00,0.0039
Spambase,0,0.1,VarFilter,0.929565,0.925600,0.927211,0.926386,0,0.00,0.0045
Spambase,0,0.1,MIFilter,0.936522,0.940387,0.926768,0.932552,0,0.00,0.0039
Spambase,0,0.1,LR,0.848696,0.845032,0.835381,0.839448,58,0.00,0.0001
Spambase,0,0.1,SVM,0.862609,0.878762,0.836426,0.848934,3306,0.00,0.2060
Spambase,0,0.1,RF,0.872174,0.900507,0.841999,0.857503,3986,0.24,0.0314
Spambase,0,0.1,LinearProbe,0.951304,0.952287,0.945531,0.948638,258,0.06,0.0052
Spambase,0,0.1,BitFit,0.950435,0.951154,0.944814,0.947743,386,0.08,0.0035
Spambase,0,0.1,SSF,0.943478,0.946404,0.935211,0.940103,882,0.09,0.0062
Spambase,0,0.1,Adapter,0.944348,0.947581,0.935928,0.940998,4240,0.11,0.0049
Spambase,0,0.1,LoRA,0.950435,0.951154,0.944814,0.947743,3308,0.07,0.0040
Spambase,0,0.1,LFW(ours),0.950435,0.951154,0.944814,0.947743,57,0.12,0.0044
Spambase,0,0.1,FFT,0.940870,0.944830,0.931513,0.937200,48002,0.16,0.0050
Spambase,0,0.2,ZeroShot,0.950435,0.951154,0.944814,0.947743,0,0.00,0.0038
Spambase,0,0.2,VarFilter,0.937391,0.937899,0.930576,0.933908,0,0.00,0.0041
Spambase,0,0.2,MIFilter,0.937391,0.935676,0.932894,0.934233,0,0.00,0.0037
Spambase,0,0.2,LR,0.903478,0.897356,0.902213,0.899565,58,0.01,0.0001
Spambase,0,0.2,SVM,0.900000,0.904718,0.885433,0.892956,4872,0.00,0.0128
Spambase,0,0.2,RF,0.919130,0.924092,0.906624,0.913679,8556,0.26,0.0318
Spambase,0,0.2,LinearProbe,0.951304,0.952287,0.945531,0.948638,258,0.07,0.0051
Spambase,0,0.2,BitFit,0.950435,0.951154,0.944814,0.947743,386,0.07,0.0040
Spambase,0,0.2,SSF,0.950435,0.951154,0.944814,0.947743,882,0.07,0.0061
Spambase,0,0.2,Adapter,0.950435,0.951154,0.944814,0.947743,4240,0.07,0.0050
Spambase,0,0.2,LoRA,0.950435,0.951154,0.944814,0.947743,3308,0.07,0.0037
Spambase,0,0.2,LFW(ours),0.950435,0.951154,0.944814,0.947743,57,0.14,0.0037
Spambase,0,0.2,FFT,0.949565,0.950863,0.943324,0.946759,48002,0.17,0.0036
Spambase,0,0.5,ZeroShot,0.950435,0.951154,0.944814,0.947743,0,0.00,0.0038
Spambase,0,0.5,VarFilter,0.946957,0.948300,0.940399,0.943982,0,0.00,0.0043
Spambase,0,0.5,MIFilter,0.936522,0.938474,0.928313,0.932789,0,0.00,0.0036
Spambase,0,0.5,LR,0.901739,0.897222,0.896914,0.897067,58,0.01,0.0001
Spambase,0,0.5,SVM,0.904348,0.909768,0.889793,0.897561,9512,0.01,0.0214
Spambase,0,0.5,RF,0.928696,0.930304,0.919925,0.924470,20912,0.27,0.0319
Spambase,0,0.5,LinearProbe,0.951304,0.949987,0.947850,0.948889,258,0.13,0.0050
Spambase,0,0.5,BitFit,0.951304,0.950703,0.947077,0.948807,386,0.14,0.0038
Spambase,0,0.5,SSF,0.954783,0.953302,0.951878,0.952577,882,0.13,0.0059
Spambase,0,0.5,Adapter,0.951304,0.950703,0.947077,0.948807,4240,0.11,0.0065
Spambase,0,0.5,LoRA,0.953913,0.952222,0.951161,0.951684,3308,0.14,0.0040
Spambase,0,0.5,LFW(ours),0.939130,0.937509,0.934715,0.936060,57,0.27,0.0042
Spambase,0,0.5,FFT,0.933043,0.930619,0.928921,0.929750,48002,0.29,0.0041
Spambase,0,1.0,ZeroShot,0.950435,0.951154,0.944814,0.947743,0,0.00,0.0042
Spambase,0,1.0,VarFilter,0.936522,0.938933,0.927927,0.932731,0,0.00,0.0041
Spambase,0,1.0,MIFilter,0.931304,0.933789,0.922077,0.927138,0,0.00,0.0039
Spambase,0,1.0,LR,0.921739,0.918881,0.916891,0.917857,58,0.01,0.0001
Spambase,0,1.0,SVM,0.927826,0.927519,0.920753,0.923843,16762,0.02,0.0369
Spambase,0,1.0,RF,0.939130,0.939346,0.932784,0.935798,37460,0.27,0.0315
Spambase,0,1.0,LinearProbe,0.951304,0.952287,0.945531,0.948638,258,0.10,0.0036
Spambase,0,1.0,BitFit,0.950435,0.951154,0.944814,0.947743,386,0.11,0.0039
Spambase,0,1.0,SSF,0.950435,0.951154,0.944814,0.947743,882,0.14,0.0067
Spambase,0,1.0,Adapter,0.950435,0.951154,0.944814,0.947743,4240,0.11,0.0051
Spambase,0,1.0,LoRA,0.950435,0.951154,0.944814,0.947743,3308,0.13,0.0043
Spambase,0,1.0,LFW(ours),0.953913,0.951898,0.951547,0.951722,57,0.23,0.0049
Spambase,0,1.0,FFT,0.945217,0.941928,0.943601,0.942744,48002,0.71,0.0036
Spambase,1,0.05,ZeroShot,0.920000,0.921404,0.910433,0.915185,0,0.00,0.0038
Spambase,1,0.05,VarFilter,0.875652,0.868921,0.871916,0.870329,0,0.00,0.0035
Spambase,1,0.05,MIFilter,0.917391,0.919716,0.906735,0.912225,0,0.00,0.0038
Spambase,1,0.05,LR,0.843478,0.836100,0.836100,0.836100,58,0.00,0.0001
Spambase,1,0.05,SVM,0.840870,0.835937,0.828152,0.831513,1798,0.00,0.0043
Spambase,1,0.05,RF,0.877391,0.882357,0.859827,0.868114,2440,0.26,0.0313
Spambase,1,0.05,LinearProbe,0.920000,0.921404,0.910433,0.915185,258,0.06,0.0039
Spambase,1,0.05,BitFit,0.920000,0.921404,0.910433,0.915185,386,0.06,0.0038
Spambase,1,0.05,SSF,0.920000,0.921404,0.910433,0.915185,882,0.06,0.0065
Spambase,1,0.05,Adapter,0.920000,0.921404,0.910433,0.915185,4240,0.06,0.0053
Spambase,1,0.05,LoRA,0.920000,0.921404,0.910433,0.915185,3308,0.07,0.0046
Spambase,1,0.05,LFW(ours),0.920000,0.921404,0.910433,0.915185,57,0.13,0.0050
Spambase,1,0.05,FFT,0.919130,0.919422,0.910488,0.914450,48002,0.14,0.0035
Spambase,1,0.1,ZeroShot,0.920000,0.921404,0.910433,0.915185,0,0.00,0.0051
Spambase,1,0.1,VarFilter,0.906087,0.910100,0.892773,0.899709,0,0.00,0.0040
Spambase,1,0.1,MIFilter,0.924348,0.927718,0.913633,0.919544,0,0.00,0.0043
Spambase,1,0.1,LR,0.872174,0.864479,0.874456,0.868146,58,0.00,0.0001
Spambase,1,0.1,SVM,0.880870,0.876473,0.873129,0.874709,2726,0.00,0.0066
Spambase,1,0.1,RF,0.897391,0.897897,0.885986,0.891023,4222,0.26,0.0319
Spambase,1,0.1,LinearProbe,0.920000,0.921404,0.910433,0.915185,258,0.06,0.0038
Spambase,1,0.1,BitFit,0.920000,0.921404,0.910433,0.915185,386,0.06,0.0049
Spambase,1,0.1,SSF,0.920000,0.921404,0.910433,0.915185,882,0.07,0.0056
Spambase,1,0.1,Adapter,0.920000,0.921404,0.910433,0.915185,4240,0.06,0.0056
Spambase,1,0.1,LoRA,0.920000,0.921404,0.910433,0.915185,3308,0.07,0.0041
Spambase,1,0.1,LFW(ours),0.920000,0.921404,0.910433,0.915185,57,0.13,0.0040
Spambase,1,0.1,FFT,0.920870,0.927664,0.907286,0.915296,48002,0.15,0.0040
Spambase,1,0.2,ZeroShot,0.920000,0.921404,0.910433,0.915185,0,0.00,0.0038
Spambase,1,0.2,VarFilter,0.915652,0.917384,0.905301,0.910457,0,0.00,0.0040
Spambase,1,0.2,MIFilter,0.923478,0.928041,0.911757,0.918433,0,0.00,0.0041
Spambase,1,0.2,LR,0.858261,0.852586,0.849454,0.850931,58,0.01,0.0001
Spambase,1,0.2,SVM,0.853043,0.856218,0.833558,0.841608,3828,0.00,0.0091
Spambase,1,0.2,RF,0.894783,0.901708,0.878038,0.886822,8456,0.26,0.0312
Spambase,1,0.2,LinearProbe,0.920000,0.921404,0.910433,0.915185,258,0.06,0.0039
Spambase,1,0.2,BitFit,0.920000,0.921404,0.910433,0.915185,386,0.07,0.0047
Spambase,1,0.2,SSF,0.920000,0.921404,0.910433,0.915185,882,0.07,0.0056
Spambase,1,0.2,Adapter,0.920000,0.921404,0.910433,0.915185,4240,0.08,0.0052
Spambase,1,0.2,LoRA,0.920000,0.921404,0.910433,0.915185,3308,0.08,0.0053
Spambase,1,0.2,LFW(ours),0.920000,0.921404,0.910433,0.915185,57,0.16,0.0055
Spambase,1,0.2,FFT,0.922609,0.924431,0.912971,0.917915,48002,0.22,0.0042
Spambase,1,0.5,ZeroShot,0.920000,0.921404,0.910433,0.915185,0,0.00,0.0040
Spambase,1,0.5,VarFilter,0.910435,0.914596,0.897519,0.904397,0,0.00,0.0040
Spambase,1,0.5,MIFilter,0.916522,0.923169,0.902540,0.910599,0,0.00,0.0035
Spambase,1,0.5,LR,0.889565,0.883872,0.885325,0.884580,58,0.01,0.0001
Spambase,1,0.5,SVM,0.886087,0.880072,0.882069,0.881034,9570,0.01,0.0284
Spambase,1,0.5,RF,0.926957,0.928438,0.918104,0.922628,19990,0.26,0.0313
Spambase,1,0.5,LinearProbe,0.920000,0.921404,0.910433,0.915185,258,0.07,0.0036
Spambase,1,0.5,BitFit,0.920870,0.922121,0.911537,0.916144,386,0.10,0.0044
Spambase,1,0.5,SSF,0.920870,0.921282,0.912309,0.916289,882,0.23,0.0064
Spambase,1,0.5,Adapter,0.920870,0.921695,0.911923,0.916217,4240,0.11,0.0047
Spambase,1,0.5,LoRA,0.920000,0.921404,0.910433,0.915185,3308,0.11,0.0044
Spambase,1,0.5,LFW(ours),0.920000,0.921404,0.910433,0.915185,57,0.17,0.0041
Spambase,1,0.5,FFT,0.908696,0.904512,0.904198,0.904355,48002,0.38,0.0041
Spambase,1,1.0,ZeroShot,0.920000,0.921404,0.910433,0.915185,0,0.00,0.0037
Spambase,1,1.0,VarFilter,0.907826,0.915916,0.891889,0.900901,0,0.00,0.0038
Spambase,1,1.0,MIFilter,0.920000,0.922771,0.909274,0.914959,0,0.00,0.0042
Spambase,1,1.0,LR,0.904348,0.901134,0.897907,0.899442,58,0.01,0.0001
Spambase,1,1.0,SVM,0.914783,0.913117,0.907674,0.910192,16356,0.02,0.0335
Spambase,1,1.0,RF,0.927826,0.927909,0.920367,0.923779,33982,0.26,0.0316
Spambase,1,1.0,LinearProbe,0.923478,0.924706,0.914462,0.918944,258,0.18,0.0036
Spambase,1,1.0,BitFit,0.920000,0.921404,0.910433,0.915185,386,0.11,0.0039
Spambase,1,1.0,SSF,0.923478,0.924281,0.914848,0.919014,882,0.33,0.0063
Spambase,1,1.0,Adapter,0.920000,0.921404,0.910433,0.915185,4240,0.14,0.0050
Spambase,1,1.0,LoRA,0.923478,0.924281,0.914848,0.919014,3308,0.17,0.0037
Spambase,1,1.0,LFW(ours),0.923478,0.923869,0.915234,0.919084,57,0.23,0.0040
Spambase,1,1.0,FFT,0.923478,0.922707,0.916393,0.919289,48002,0.29,0.0039
Spambase,2,0.05,ZeroShot,0.949565,0.949627,0.944483,0.946892,0,0.00,0.0035
Spambase,2,0.05,VarFilter,0.923478,0.919369,0.920644,0.919994,0,0.00,0.0038
Spambase,2,0.05,MIFilter,0.937391,0.939181,0.929417,0.933739,0,0.00,0.0036
Spambase,2,0.05,LR,0.856522,0.848449,0.856134,0.851523,58,0.00,0.0001
Spambase,2,0.05,SVM,0.845217,0.844677,0.827875,0.834235,1682,0.00,0.0055
Spambase,2,0.05,RF,0.901739,0.907717,0.886481,0.894615,3494,0.30,0.0325
Spambase,2,0.05,LinearProbe,0.948696,0.948903,0.943379,0.945954,258,0.08,0.0067
Spambase,2,0.05,BitFit,0.949565,0.949627,0.944483,0.946892,386,0.08,0.0052
Spambase,2,0.05,SSF,0.949565,0.949627,0.944483,0.946892,882,0.09,0.0089
Spambase,2,0.05,Adapter,0.949565,0.949627,0.944483,0.946892,4240,0.08,0.0070
Spambase,2,0.05,LoRA,0.948696,0.950154,0.942220,0.945819,3308,0.15,0.0061
Spambase,2,0.05,LFW(ours),0.943478,0.941589,0.939848,0.940698,57,0.19,0.0049
Spambase,2,0.05,FFT,0.948696,0.949307,0.942993,0.945909,48002,0.20,0.0057
Spambase,2,0.1,ZeroShot,0.949565,0.949627,0.944483,0.946892,0,0.00,0.0077
Spambase,2,0.1,VarFilter,0.936522,0.934927,0.931791,0.933293,0,0.00,0.0056
Spambase,2,0.1,MIFilter,0.946957,0.947460,0.941172,0.944076,0,0.00,0.0053
Spambase,2,0.1,LR,0.854783,0.848175,0.847357,0.847760,58,0.01,0.0001
Spambase,2,0.1,SVM,0.858261,0.870376,0.833612,0.844946,2958,0.00,0.0120
Spambase,2,0.1,RF,0.900000,0.913436,0.880024,0.891436,4832,0.30,0.0314
Spambase,2,0.1,LinearProbe,0.948696,0.948903,0.943379,0.945954,258,0.08,0.0058
Spambase,2,0.1,BitFit,0.949565,0.949627,0.944483,0.946892,386,0.08,0.0062
Spambase,2,0.1,SSF,0.949565,0.949627,0.944483,0.946892,882,0.08,0.0122
Spambase,2,0.1,Adapter,0.949565,0.949627,0.944483,0.946892,4240,0.08,0.0074
Spambase,2,0.1,LoRA,0.949565,0.949627,0.944483,0.946892,3308,0.09,0.0053
Spambase,2,0.1,LFW(ours),0.949565,0.949627,0.944483,0.946892,57,0.16,0.0051
Spambase,2,0.1,FFT,0.948696,0.948512,0.943766,0.945999,48002,0.19,0.0046
Spambase,2,0.2,ZeroShot,0.949565,0.949627,0.944483,0.946892,0,0.00,0.0042
Spambase,2,0.2,VarFilter,0.940870,0.939009,0.936923,0.937937,0,0.00,0.0043
Spambase,2,0.2,MIFilter,0.942609,0.944769,0.934880,0.939261,0,0.00,0.0055
Spambase,2,0.2,LR,0.902609,0.900199,0.894927,0.897362,58,0.01,0.0001
Spambase,2,0.2,SVM,0.886957,0.895034,0.868490,0.877975,4988,0.00,0.0157
Spambase,2,0.2,RF,0.914783,0.918080,0.903038,0.909248,9222,0.30,0.0319
Spambase,2,0.2,LinearProbe,0.948696,0.948903,0.943379,0.945954,258,0.08,0.0051
Spambase,2,0.2,BitFit,0.949565,0.949627,0.944483,0.946892,386,0.09,0.0051
Spambase,2,0.2,SSF,0.949565,0.949627,0.944483,0.946892,882,0.10,0.0094
Spambase,2,0.2,Adapter,0.949565,0.949627,0.944483,0.946892,4240,0.08,0.0069
Spambase,2,0.2,LoRA,0.949565,0.949627,0.944483,0.946892,3308,0.10,0.0057
Spambase,2,0.2,LFW(ours),0.937391,0.940102,0.928644,0.933623,57,0.27,0.0061
Spambase,2,0.2,FFT,0.943478,0.942990,0.938302,0.940507,48002,0.24,0.0062
Spambase,2,0.5,ZeroShot,0.949565,0.949627,0.944483,0.946892,0,0.00,0.0055
Spambase,2,0.5,VarFilter,0.921739,0.930740,0.906845,0.915942,0,0.00,0.0050
Spambase,2,0.5,MIFilter,0.942609,0.943455,0.936039,0.939416,0,0.00,0.0063
Spambase,2,0.5,LR,0.907826,0.906413,0.899617,0.902698,58,0.02,0.0001
Spambase,2,0.5,SVM,0.902609,0.904856,0.890290,0.896283,11542,0.01,0.0339
Spambase,2,0.5,RF,0.934783,0.937065,0.926106,0.930888,22434,0.33,0.0312
Spambase,2,0.5,LinearProbe,0.948696,0.948903,0.943379,0.945954,258,0.09,0.0063
Spambase,2,0.5,BitFit,0.948696,0.948903,0.943379,0.945954,386,0.12,0.0062
Spambase,2,0.5,SSF,0.948696,0.948903,0.943379,0.945954,882,0.14,0.0094
Spambase,2,0.5,Adapter,0.948696,0.948903,0.943379,0.945954,4240,0.11,0.0062
Spambase,2,0.5,LoRA,0.948696,0.949307,0.942993,0.945909,3308,0.14,0.0064
Spambase,2,0.5,LFW(ours),0.948696,0.949307,0.942993,0.945909,57,0.25,0.0076
Spambase,2,0.5,FFT,0.953043,0.953717,0.947739,0.950514,48002,0.30,0.0053
Spambase,2,1.0,ZeroShot,0.949565,0.949627,0.944483,0.946892,0,0.00,0.0051
Spambase,2,1.0,VarFilter,0.937391,0.941582,0.927485,0.933446,0,0.00,0.0046
Spambase,2,1.0,MIFilter,0.945217,0.946447,0.938578,0.942145,0,0.00,0.0061
Spambase,2,1.0,LR,0.933043,0.932309,0.926989,0.929466,58,0.01,0.0002
Spambase,2,1.0,SVM,0.905217,0.908405,0.892442,0.898922,16878,0.02,0.0427
Spambase,2,1.0,RF,0.938261,0.941276,0.929361,0.934516,37838,0.34,0.0333
Spambase,2,1.0,LinearProbe,0.948696,0.948903,0.943379,0.945954,258,0.13,0.0053
Spambase,2,1.0,BitFit,0.949565,0.949627,0.944483,0.946892,386,0.14,0.0041
Spambase,2,1.0,SSF,0.949565,0.949627,0.944483,0.946892,882,0.18,0.0089
Spambase,2,1.0,Adapter,0.949565,0.949627,0.944483,0.946892,4240,0.13,0.0067
Spambase,2,1.0,LoRA,0.949565,0.949627,0.944483,0.946892,3308,0.17,0.0052
Spambase,2,1.0,LFW(ours),0.949565,0.949627,0.944483,0.946892,57,0.29,0.0057
Spambase,2,1.0,FFT,0.947826,0.947401,0.943048,0.945106,48002,0.44,0.0048
Spambase,3,0.05,ZeroShot,0.926087,0.922215,0.923182,0.922692,0,0.00,0.0054
Spambase,3,0.05,VarFilter,0.908696,0.906178,0.901880,0.903896,0,0.00,0.0047
Spambase,3,0.05,MIFilter,0.931304,0.931220,0.924395,0.927513,0,0.00,0.0050
Spambase,3,0.05,LR,0.871304,0.863584,0.871806,0.866865,58,0.00,0.0001
Spambase,3,0.05,SVM,0.853913,0.850964,0.840458,0.844846,1856,0.00,0.0047
Spambase,3,0.05,RF,0.902609,0.911962,0.885267,0.894977,2764,0.31,0.0318
Spambase,3,0.05,LinearProbe,0.926087,0.922215,0.923182,0.922692,258,0.08,0.0054
Spambase,3,0.05,BitFit,0.926087,0.922215,0.923182,0.922692,386,0.07,0.0056
Spambase,3,0.05,SSF,0.926087,0.922215,0.923182,0.922692,882,0.08,0.0093
Spambase,3,0.05,Adapter,0.926087,0.922215,0.923182,0.922692,4240,0.08,0.0073
Spambase,3,0.05,LoRA,0.926087,0.922215,0.923182,0.922692,3308,0.09,0.0065
Spambase,3,0.05,LFW(ours),0.926087,0.922215,0.923182,0.922692,57,0.16,0.0057
Spambase,3,0.05,FFT,0.928696,0.924573,0.926494,0.925505,48002,0.19,0.0043
Spambase,3,0.1,ZeroShot,0.926087,0.922215,0.923182,0.922692,0,0.00,0.0050
Spambase,3,0.1,VarFilter,0.915652,0.912063,0.911096,0.911573,0,0.00,0.0067
Spambase,3,0.1,MIFilter,0.925217,0.923836,0.918987,0.921254,0,0.00,0.0052
Spambase,3,0.1,LR,0.865217,0.858221,0.871422,0.861871,58,0.00,0.0001
Spambase,3,0.1,SVM,0.865217,0.860163,0.856352,0.858132,3422,0.00,0.0111
Spambase,3,0.1,RF,0.906087,0.905279,0.897023,0.900694,5182,0.30,0.0314
Spambase,3,0.1,LinearProbe,0.926087,0.922215,0.923182,0.922692,258,0.08,0.0065
Spambase,3,0.1,BitFit,0.926087,0.922215,0.923182,0.922692,386,0.09,0.0061
Spambase,3,0.1,SSF,0.926087,0.922215,0.923182,0.922692,882,0.09,0.0103
Spambase,3,0.1,Adapter,0.926087,0.922215,0.923182,0.922692,4240,0.09,0.0080
Spambase,3,0.1,LoRA,0.933043,0.931258,0.928148,0.929638,3308,0.18,0.0046
Spambase,3,0.1,LFW(ours),0.933043,0.929750,0.930080,0.929914,57,0.20,0.0048
Spambase,3,0.1,FFT,0.933913,0.931689,0.929639,0.930635,48002,0.21,0.0044
Spambase,3,0.2,ZeroShot,0.926087,0.922215,0.923182,0.922692,0,0.00,0.0056
Spambase,3,0.2,VarFilter,0.919130,0.914948,0.915898,0.915416,0,0.00,0.0072
Spambase,3,0.2,MIFilter,0.920000,0.914704,0.918934,0.916667,0,0.00,0.0062
Spambase,3,0.2,LR,0.908696,0.901844,0.911153,0.905577,58,0.01,0.0002
Spambase,3,0.2,SVM,0.872174,0.871994,0.858227,0.863809,4988,0.00,0.0154
Spambase,3,0.2,RF,0.913043,0.913925,0.903148,0.907810,8222,0.32,0.0316
Spambase,3,0.2,LinearProbe,0.926087,0.922215,0.923182,0.922692,258,0.08,0.0061
Spambase,3,0.2,BitFit,0.926087,0.922215,0.923182,0.922692,386,0.09,0.0052
Spambase,3,0.2,SSF,0.926087,0.922215,0.923182,0.922692,882,0.10,0.0101
Spambase,3,0.2,Adapter,0.926087,0.922215,0.923182,0.922692,4240,0.09,0.0061
Spambase,3,0.2,LoRA,0.931304,0.928205,0.927873,0.928038,3308,0.20,0.0061
Spambase,3,0.2,LFW(ours),0.927826,0.924560,0.924231,0.924395,57,0.30,0.0057
Spambase,3,0.2,FFT,0.928696,0.924343,0.926880,0.925561,48002,0.21,0.0059
Spambase,3,0.5,ZeroShot,0.926087,0.922215,0.923182,0.922692,0,0.00,0.0056
Spambase,3,0.5,VarFilter,0.923478,0.921328,0.917939,0.919554,0,0.00,0.0068
Spambase,3,0.5,MIFilter,0.923478,0.919614,0.920257,0.919933,0,0.00,0.0068
Spambase,3,0.5,LR,0.913913,0.908663,0.911980,0.910228,58,0.01,0.0002
Spambase,3,0.5,SVM,0.894783,0.894879,0.883447,0.888302,9918,0.01,0.0299
Spambase,3,0.5,RF,0.922609,0.918343,0.919926,0.919115,20076,0.32,0.0314
Spambase,3,0.5,LinearProbe,0.926087,0.922215,0.923182,0.922692,258,0.11,0.0049
Spambase,3,0.5,BitFit,0.926087,0.922215,0.923182,0.922692,386,0.10,0.0054
Spambase,3,0.5,SSF,0.926087,0.922215,0.923182,0.922692,882,0.14,0.0119
Spambase,3,0.5,Adapter,0.926087,0.922215,0.923182,0.922692,4240,0.11,0.0071
Spambase,3,0.5,LoRA,0.926087,0.922215,0.923182,0.922692,3308,0.13,0.0044
Spambase,3,0.5,LFW(ours),0.928696,0.924123,0.927266,0.925616,57,0.37,0.0055
Spambase,3,0.5,FFT,0.925217,0.920112,0.924397,0.922101,48002,0.32,0.0057
Spambase,3,1.0,ZeroShot,0.926087,0.922215,0.923182,0.922692,0,0.00,0.0057
Spambase,3,1.0,VarFilter,0.919130,0.916584,0.913579,0.915017,0,0.00,0.0058
Spambase,3,1.0,MIFilter,0.926087,0.924584,0.920091,0.922202,0,0.00,0.0060
Spambase,3,1.0,LR,0.926957,0.922110,0.925832,0.923858,58,0.01,0.0001
Spambase,3,1.0,SVM,0.913913,0.910788,0.908503,0.909607,17342,0.03,0.0402
Spambase,3,1.0,RF,0.940870,0.937264,0.939241,0.938224,37434,0.33,0.0311
Spambase,3,1.0,LinearProbe,0.926087,0.922215,0.923182,0.922692,258,0.11,0.0062
Spambase,3,1.0,BitFit,0.926087,0.922215,0.923182,0.922692,386,0.14,0.0055
Spambase,3,1.0,SSF,0.926087,0.922215,0.923182,0.922692,882,0.19,0.0084
Spambase,3,1.0,Adapter,0.926087,0.922215,0.923182,0.922692,4240,0.14,0.0078
Spambase,3,1.0,LoRA,0.926087,0.922215,0.923182,0.922692,3308,0.18,0.0056
Spambase,3,1.0,LFW(ours),0.934783,0.931850,0.931515,0.931682,57,0.34,0.0056
Spambase,3,1.0,FFT,0.931304,0.930106,0.925554,0.927693,48002,0.41,0.0052
Spambase,4,0.05,ZeroShot,0.949565,0.948158,0.946029,0.947063,0,0.00,0.0043
Spambase,4,0.05,VarFilter,0.938261,0.937109,0.933225,0.935068,0,0.00,0.0071
Spambase,4,0.05,MIFilter,0.922609,0.929001,0.909494,0.917236,0,0.00,0.0050
Spambase,4,0.05,LR,0.853043,0.845652,0.847468,0.846525,58,0.00,0.0002
Spambase,4,0.05,SVM,0.845217,0.858259,0.818215,0.829812,2146,0.00,0.0071
Spambase,4,0.05,RF,0.868696,0.870750,0.852267,0.859312,2790,0.33,0.0319
Spambase,4,0.05,LinearProbe,0.946087,0.945562,0.941227,0.943276,258,0.10,0.0058
Spambase,4,0.05,BitFit,0.944348,0.944490,0.938633,0.941350,386,0.14,0.0051
Spambase,4,0.05,SSF,0.945217,0.945613,0.939351,0.942242,882,0.09,0.0083
Spambase,4,0.05,Adapter,0.946087,0.946335,0.940454,0.943183,4240,0.12,0.0076
Spambase,4,0.05,LoRA,0.948696,0.948133,0.944152,0.946043,3308,0.13,0.0057
Spambase,4,0.05,LFW(ours),0.944348,0.944100,0.939020,0.941398,57,0.17,0.0047
Spambase,4,0.05,FFT,0.945217,0.949266,0.936259,0.941843,48002,0.19,0.0055
Spambase,4,0.1,ZeroShot,0.949565,0.948158,0.946029,0.947063,0,0.00,0.0049
Spambase,4,0.1,VarFilter,0.931304,0.929424,0.926327,0.927810,0,0.00,0.0055
Spambase,4,0.1,MIFilter,0.938261,0.936427,0.933998,0.935173,0,0.00,0.0059
Spambase,4,0.1,LR,0.897391,0.893263,0.891395,0.892302,58,0.01,0.0001
Spambase,4,0.1,SVM,0.880870,0.890985,0.860378,0.870803,3190,0.00,0.0104
Spambase,4,0.1,RF,0.890435,0.902194,0.870201,0.881114,4990,0.32,0.0324
Spambase,4,0.1,LinearProbe,0.949565,0.948158,0.946029,0.947063,258,0.08,0.0057
Spambase,4,0.1,BitFit,0.949565,0.948158,0.946029,0.947063,386,0.08,0.0059
Spambase,4,0.1,SSF,0.949565,0.948158,0.946029,0.947063,882,0.09,0.0107
Spambase,4,0.1,Adapter,0.949565,0.948158,0.946029,0.947063,4240,0.08,0.0070
Spambase,4,0.1,LoRA,0.949565,0.948158,0.946029,0.947063,3308,0.09,0.0047
Spambase,4,0.1,LFW(ours),0.949565,0.948158,0.946029,0.947063,57,0.17,0.0058
Spambase,4,0.1,FFT,0.940870,0.944830,0.931513,0.937200,48002,0.22,0.0059
Spambase,4,0.2,ZeroShot,0.949565,0.948158,0.946029,0.947063,0,0.00,0.0048
Spambase,4,0.2,VarFilter,0.930435,0.928672,0.925224,0.926867,0,0.00,0.0052
Spambase,4,0.2,MIFilter,0.933913,0.933047,0.928093,0.930410,0,0.00,0.0064
Spambase,4,0.2,LR,0.868696,0.861000,0.871586,0.864726,58,0.01,0.0002
Spambase,4,0.2,SVM,0.902609,0.906803,0.888744,0.895897,5162,0.00,0.0174
Spambase,4,0.2,RF,0.918261,0.915821,0.912476,0.914069,8484,0.31,0.0311
Spambase,4,0.2,LinearProbe,0.949565,0.948158,0.946029,0.947063,258,0.08,0.0051
Spambase,4,0.2,BitFit,0.949565,0.948158,0.946029,0.947063,386,0.09,0.0048
Spambase,4,0.2,SSF,0.949565,0.948158,0.946029,0.947063,882,0.11,0.0080
Spambase,4,0.2,Adapter,0.949565,0.948158,0.946029,0.947063,4240,0.09,0.0070
Spambase,4,0.2,LoRA,0.949565,0.948158,0.946029,0.947063,3308,0.09,0.0067
Spambase,4,0.2,LFW(ours),0.949565,0.948158,0.946029,0.947063,57,0.18,0.0056
Spambase,4,0.2,FFT,0.947826,0.947784,0.942662,0.945061,48002,0.24,0.0056
Spambase,4,0.5,ZeroShot,0.949565,0.948158,0.946029,0.947063,0,0.00,0.0068
Spambase,4,0.5,VarFilter,0.906957,0.901812,0.903923,0.902830,0,0.00,0.0053
Spambase,4,0.5,MIFilter,0.942609,0.938825,0.941449,0.940085,0,0.00,0.0068
Spambase,4,0.5,LR,0.913913,0.909733,0.910048,0.909890,58,0.01,0.0003
Spambase,4,0.5,SVM,0.897391,0.899644,0.884440,0.890627,10150,0.01,0.0314
Spambase,4,0.5,RF,0.934783,0.934152,0.928810,0.931298,20798,0.30,0.0327
Spambase,4,0.5,LinearProbe,0.949565,0.948158,0.946029,0.947063,258,0.09,0.0047
Spambase,4,0.5,BitFit,0.949565,0.948158,0.946029,0.947063,386,0.10,0.0058
Spambase,4,0.5,SSF,0.949565,0.948158,0.946029,0.947063,882,0.13,0.0116
Spambase,4,0.5,Adapter,0.949565,0.947188,0.947188,0.947188,4240,0.23,0.0054
Spambase,4,0.5,LoRA,0.946087,0.944168,0.942773,0.943457,3308,0.23,0.0053
Spambase,4,0.5,LFW(ours),0.943478,0.940963,0.940621,0.940791,57,0.28,0.0044
Spambase,4,0.5,FFT,0.938261,0.936104,0.934385,0.935224,48002,0.52,0.0051
Spambase,4,1.0,ZeroShot,0.949565,0.948158,0.946029,0.947063,0,0.00,0.0063
Spambase,4,1.0,VarFilter,0.940870,0.938379,0.937696,0.938034,0,0.00,0.0065
Spambase,4,1.0,MIFilter,0.936522,0.933389,0.933723,0.933555,0,0.00,0.0049
Spambase,4,1.0,LR,0.923478,0.920419,0.919098,0.919746,58,0.02,0.0002
Spambase,4,1.0,SVM,0.909565,0.909381,0.900279,0.904289,17864,0.03,0.0454
Spambase,4,1.0,RF,0.942609,0.942258,0.937199,0.939567,37858,0.38,0.0407
Spambase,4,1.0,LinearProbe,0.949565,0.948158,0.946029,0.947063,258,0.14,0.0050
Spambase,4,1.0,BitFit,0.949565,0.948158,0.946029,0.947063,386,0.16,0.0050
Spambase,4,1.0,SSF,0.949565,0.948158,0.946029,0.947063,882,0.20,0.0079
Spambase,4,1.0,Adapter,0.949565,0.948158,0.946029,0.947063,4240,0.14,0.0069
Spambase,4,1.0,LoRA,0.944348,0.943359,0.939792,0.941494,3308,0.39,0.0041
Spambase,4,1.0,LFW(ours),0.933913,0.932689,0.928479,0.930467,57,0.43,0.0054
Spambase,4,1.0,FFT,0.947826,0.945995,0.944594,0.945281,48002,0.42,0.0060
Credit-g,0,0.05,ZeroShot,0.716000,0.693953,0.577874,0.565919,0,0.00,0.0009
Credit-g,0,0.05,VarFilter,0.676000,0.604021,0.579280,0.581084,0,0.00,0.0014
Credit-g,0,0.05,MIFilter,0.644000,0.431357,0.480976,0.421702,0,0.00,0.0011
Credit-g,0,0.05,LR,0.640000,0.572023,0.566585,0.568105,72,0.12,0.0006
Credit-g,0,0.05,SVM,0.684000,0.342000,0.500000,0.406176,504,0.00,0.0023
Credit-g,0,0.05,RF,0.604000,0.484942,0.489192,0.477528,1086,0.31,0.1164
Credit-g,0,0.05,LinearProbe,0.716000,0.693953,0.577874,0.565919,130,0.07,0.0009
Credit-g,0,0.05,BitFit,0.716000,0.693953,0.577874,0.565919,194,0.07,0.0009
Credit-g,0,0.05,SSF,0.716000,0.693953,0.577874,0.565919,526,0.07,0.0011
Credit-g,0,0.05,Adapter,0.716000,0.693953,0.577874,0.565919,1096,0.07,0.0012
Credit-g,0,0.05,LoRA,0.716000,0.693953,0.577874,0.565919,1828,0.07,0.0009
Credit-g,0,0.05,LFW(ours),0.716000,0.693953,0.577874,0.565919,71,0.15,0.0008
Credit-g,0,0.05,FFT,0.692000,0.626753,0.590976,0.593633,17602,0.16,0.0010
Credit-g,0,0.1,ZeroShot,0.716000,0.693953,0.577874,0.565919,0,0.00,0.0009
Credit-g,0,0.1,VarFilter,0.684000,0.609524,0.568103,0.564393,0,0.00,0.0011
Credit-g,0,0.1,MIFilter,0.684000,0.593496,0.506810,0.429372,0,0.00,0.0011
Credit-g,0,0.1,LR,0.688000,0.615603,0.530165,0.489047,72,0.16,0.0005
Credit-g,0,0.1,SVM,0.684000,0.342000,0.500000,0.406176,1008,0.00,0.0025
Credit-g,0,0.1,RF,0.688000,0.624251,0.519950,0.462158,2006,0.33,0.1403
Credit-g,0,0.1,LinearProbe,0.716000,0.693953,0.577874,0.565919,130,0.07,0.0008
Credit-g,0,0.1,BitFit,0.716000,0.693953,0.577874,0.565919,194,0.07,0.0010
Credit-g,0,0.1,SSF,0.584000,0.581077,0.593752,0.568078,526,0.15,0.0042
Credit-g,0,0.1,Adapter,0.716000,0.693953,0.577874,0.565919,1096,0.07,0.0011
Credit-g,0,0.1,LoRA,0.716000,0.693953,0.577874,0.565919,1828,0.08,0.0011
Credit-g,0,0.1,LFW(ours),0.716000,0.693953,0.577874,0.565919,71,0.15,0.0010
Credit-g,0,0.1,FFT,0.508000,0.564583,0.568843,0.507046,17602,0.24,0.0008
Credit-g,0,0.2,ZeroShot,0.716000,0.693953,0.577874,0.565919,0,0.00,0.0010
Credit-g,0,0.2,VarFilter,0.680000,0.600051,0.558368,0.551006,0,0.00,0.0010
Credit-g,0,0.2,MIFilter,0.688000,0.843373,0.506329,0.419643,0,0.00,0.0010
Credit-g,0,0.2,LR,0.692000,0.631017,0.608002,0.612917,72,0.25,0.0004
Credit-g,0,0.2,SVM,0.692000,0.720528,0.516063,0.443818,2016,0.00,0.0048
Credit-g,0,0.2,RF,0.684000,0.601770,0.540862,0.517009,3966,0.30,0.1470
Credit-g,0,0.2,LinearProbe,0.692000,0.679645,0.519469,0.454288,130,0.10,0.0010
Credit-g,0,0.2,BitFit,0.716000,0.693953,0.577874,0.565919,194,0.08,0.0007
Credit-g,0,0.2,SSF,0.716000,0.693953,0.577874,0.565919,526,0.07,0.0014
Credit-g,0,0.2,Adapter,0.716000,0.693953,0.577874,0.565919,1096,0.07,0.0011
Credit-g,0,0.2,LoRA,0.688000,0.843373,0.506329,0.419643,1828,0.11,0.0009
Credit-g,0,0.2,LFW(ours),0.604000,0.511404,0.509623,0.506766,71,0.28,0.0008
Credit-g,0,0.2,FFT,0.692000,0.679645,0.519469,0.454288,17602,0.20,0.0011
Credit-g,0,0.5,ZeroShot,0.716000,0.693953,0.577874,0.565919,0,0.00,0.0009
Credit-g,0,0.5,VarFilter,0.680000,0.597263,0.551558,0.539764,0,0.00,0.0014
Credit-g,0,0.5,MIFilter,0.696000,0.632174,0.570064,0.562776,0,0.00,0.0010
Credit-g,0,0.5,LR,0.704000,0.649630,0.579317,0.574282,72,0.28,0.0004
Credit-g,0,0.5,SVM,0.692000,0.679645,0.519469,0.454288,4824,0.00,0.0152
Credit-g,0,0.5,RF,0.716000,0.731838,0.564253,0.538661,9876,0.32,0.1516
Credit-g,0,0.5,LinearProbe,0.716000,0.693953,0.577874,0.565919,130,0.07,0.0010
Credit-g,0,0.5,BitFit,0.716000,0.693953,0.577874,0.565919,194,0.07,0.0009
Credit-g,0,0.5,SSF,0.716000,0.693953,0.577874,0.565919,526,0.08,0.0014
Credit-g,0,0.5,Adapter,0.716000,0.693953,0.577874,0.565919,1096,0.07,0.0012
Credit-g,0,0.5,LoRA,0.716000,0.693953,0.577874,0.565919,1828,0.07,0.0011
Credit-g,0,0.5,LFW(ours),0.660000,0.532633,0.513102,0.480326,71,0.40,0.0013
Credit-g,0,0.5,FFT,0.632000,0.535521,0.526686,0.521830,17602,0.81,0.0007
Credit-g,0,1.0,ZeroShot,0.716000,0.693953,0.577874,0.565919,0,0.00,0.0010
Credit-g,0,1.0,VarFilter,0.688000,0.615912,0.567622,0.562231,0,0.00,0.0015
Credit-g,0,1.0,MIFilter,0.704000,0.647634,0.586128,0.584680,0,0.00,0.0008
Credit-g,0,1.0,LR,0.740000,0.700019,0.656710,0.667083,72,0.33,0.0004
Credit-g,0,1.0,SVM,0.692000,0.640406,0.529684,0.482791,9216,0.01,0.0256
Credit-g,0,1.0,RF,0.716000,0.670556,0.601710,0.603892,18274,0.32,0.1511
Credit-g,0,1.0,LinearProbe,0.716000,0.693953,0.577874,0.565919,130,0.08,0.0008
Credit-g,0,1.0,BitFit,0.716000,0.693953,0.577874,0.565919,194,0.07,0.0009
Credit-g,0,1.0,SSF,0.716000,0.693953,0.577874,0.565919,526,0.08,0.0016
Credit-g,0,1.0,Adapter,0.716000,0.693953,0.577874,0.565919,1096,0.08,0.0012
Credit-g,0,1.0,LoRA,0.716000,0.693953,0.577874,0.565919,1828,0.08,0.0012
Credit-g,0,1.0,LFW(ours),0.660000,0.532633,0.513102,0.480326,71,0.40,0.0018
Credit-g,0,1.0,FFT,0.704000,0.651053,0.575912,0.568765,17602,0.23,0.0009
Credit-g,1,0.05,ZeroShot,0.684000,0.342000,0.500000,0.406176,0,0.00,0.0012
Credit-g,1,0.05,VarFilter,0.684000,0.342000,0.500000,0.406176,0,0.00,0.0014
Credit-g,1,0.05,MIFilter,0.684000,0.606481,0.557887,0.548375,0,0.00,0.0016
Credit-g,1,0.05,LR,0.640000,0.576736,0.573396,0.574637,72,0.07,0.0005
Credit-g,1,0.05,SVM,0.644000,0.546142,0.532053,0.525333,504,0.00,0.0017
Credit-g,1,0.05,RF,0.680000,0.587440,0.531127,0.500000,1058,0.32,0.1418
Credit-g,1,0.05,LinearProbe,0.452000,0.597500,0.572174,0.444526,130,0.19,0.0007
Credit-g,1,0.05,BitFit,0.684000,0.342000,0.500000,0.406176,194,0.07,0.0010
Credit-g,1,0.05,SSF,0.456000,0.615973,0.581908,0.446939,526,0.13,0.0018
Credit-g,1,0.05,Adapter,0.684000,0.342000,0.500000,0.406176,1096,0.07,0.0012
Credit-g,1,0.05,LoRA,0.684000,0.342000,0.500000,0.406176,1828,0.07,0.0014
Credit-g,1,0.05,LFW(ours),0.580000,0.553263,0.560182,0.549550,71,0.27,0.0014
Credit-g,1,0.05,FFT,0.592000,0.580554,0.592790,0.572033,17602,0.27,0.0010
Credit-g,1,0.1,ZeroShot,0.684000,0.342000,0.500000,0.406176,0,0.00,0.0007
Credit-g,1,0.1,VarFilter,0.684000,0.342000,0.500000,0.406176,0,0.00,0.0019
Credit-g,1,0.1,MIFilter,0.344000,0.662551,0.520468,0.284667,0,0.00,0.0012
Credit-g,1,0.1,LR,0.624000,0.612686,0.629802,0.605599,72,0.05,0.0005
Credit-g,1,0.1,SVM,0.656000,0.572470,0.554445,0.553015,864,0.00,0.0031
Credit-g,1,0.1,RF,0.680000,0.598671,0.554963,0.545496,1808,0.34,0.1460
Credit-g,1,0.1,LinearProbe,0.392000,0.626125,0.548745,0.359881,130,0.13,0.0010
Credit-g,1,0.1,BitFit,0.684000,0.342000,0.500000,0.406176,194,0.07,0.0009
Credit-g,1,0.1,SSF,0.456000,0.615973,0.581908,0.446939,526,0.17,0.0019
Credit-g,1,0.1,Adapter,0.684000,0.342000,0.500000,0.406176,1096,0.08,0.0012
Credit-g,1,0.1,LoRA,0.388000,0.605642,0.542416,0.356873,1828,0.15,0.0011
Credit-g,1,0.1,LFW(ours),0.672000,0.598793,0.576357,0.577981,71,0.42,0.0008
Credit-g,1,0.1,FFT,0.632000,0.567061,0.564142,0.565185,17602,0.46,0.0011
Credit-g,1,0.2,ZeroShot,0.684000,0.342000,0.500000,0.406176,0,0.00,0.0009
Credit-g,1,0.2,VarFilter,0.684000,0.342000,0.500000,0.406176,0,0.00,0.0010
Credit-g,1,0.2,MIFilter,0.684000,0.342000,0.500000,0.406176,0,0.00,0.0011
Credit-g,1,0.2,LR,0.664000,0.619068,0.624991,0.621239,72,0.24,0.0005
Credit-g,1,0.2,SVM,0.672000,0.586219,0.552521,0.545213,1944,0.00,0.0039
Credit-g,1,0.2,RF,0.692000,0.623702,0.570546,0.565217,3810,0.31,0.1239
Credit-g,1,0.2,LinearProbe,0.392000,0.626125,0.548745,0.359881,130,0.15,0.0013
Credit-g,1,0.2,BitFit,0.684000,0.342000,0.500000,0.406176,194,0.08,0.0010
Credit-g,1,0.2,SSF,0.684000,0.611650,0.574913,0.574087,526,0.22,0.0014
Credit-g,1,0.2,Adapter,0.684000,0.611650,0.574913,0.574087,1096,0.16,0.0012
Credit-g,1,0.2,LoRA,0.628000,0.573389,0.574839,0.574012,1828,0.16,0.0010
Credit-g,1,0.2,LFW(ours),0.688000,0.613433,0.540380,0.512500,71,0.28,0.0011
Credit-g,1,0.2,FFT,0.688000,0.613433,0.540380,0.512500,17602,0.43,0.0009
Credit-g,1,0.5,ZeroShot,0.684000,0.342000,0.500000,0.406176,0,0.00,0.0014
Credit-g,1,0.5,VarFilter,0.684000,0.342000,0.500000,0.406176,0,0.00,0.0010
Credit-g,1,0.5,MIFilter,0.684000,0.342000,0.500000,0.406176,0,0.00,0.0015
Credit-g,1,0.5,LR,0.660000,0.598016,0.591421,0.593682,72,0.29,0.0005
Credit-g,1,0.5,SVM,0.692000,0.629071,0.539899,0.507559,4536,0.00,0.0135
Credit-g,1,0.5,RF,0.696000,0.631894,0.573470,0.568221,9740,0.32,0.1520
Credit-g,1,0.5,LinearProbe,0.392000,0.626125,0.548745,0.359881,130,0.13,0.0009
Credit-g,1,0.5,BitFit,0.684000,0.342000,0.500000,0.406176,194,0.08,0.0008
Credit-g,1,0.5,SSF,0.684000,0.342000,0.500000,0.406176,526,0.08,0.0042
Credit-g,1,0.5,Adapter,0.684000,0.342000,0.500000,0.406176,1096,0.08,0.0010
Credit-g,1,0.5,LoRA,0.684000,0.342000,0.500000,0.406176,1828,0.08,0.0011
Credit-g,1,0.5,LFW(ours),0.564000,0.534049,0.538271,0.530262,71,0.34,0.0008
Credit-g,1,0.5,FFT,0.636000,0.593974,0.601118,0.595620,17602,0.29,0.0007
Credit-g,1,1.0,ZeroShot,0.684000,0.342000,0.500000,0.406176,0,0.00,0.0009
Credit-g,1,1.0,VarFilter,0.684000,0.342000,0.500000,0.406176,0,0.00,0.0010
Credit-g,1,1.0,MIFilter,0.684000,0.342000,0.500000,0.406176,0,0.00,0.0012
Credit-g,1,1.0,LR,0.712000,0.663803,0.656673,0.659710,72,0.36,0.0006
Credit-g,1,1.0,SVM,0.688000,0.615603,0.530165,0.489047,9216,0.01,0.0319
Credit-g,1,1.0,RF,0.736000,0.707741,0.626545,0.633952,19598,0.32,0.1497
Credit-g,1,1.0,LinearProbe,0.684000,0.342000,0.500000,0.406176,130,0.08,0.0010
Credit-g,1,1.0,BitFit,0.684000,0.342000,0.500000,0.406176,194,0.08,0.0008
Credit-g,1,1.0,SSF,0.564000,0.574538,0.585943,0.553125,526,0.31,0.0025
Credit-g,1,1.0,Adapter,0.684000,0.342000,0.500000,0.406176,1096,0.08,0.0010
Credit-g,1,1.0,LoRA,0.684000,0.342000,0.500000,0.406176,1828,0.09,0.0010
Credit-g,1,1.0,LFW(ours),0.688000,0.633409,0.625509,0.628571,71,0.63,0.0010
Credit-g,1,1.0,FFT,0.616000,0.599251,0.613739,0.594156,17602,0.66,0.0007
Credit-g,2,0.05,ZeroShot,0.480000,0.461986,0.456436,0.450419,0,0.00,0.0010
Credit-g,2,0.05,VarFilter,0.564000,0.478968,0.480383,0.478958,0,0.00,0.0011
Credit-g,2,0.05,MIFilter,0.396000,0.432599,0.425679,0.392491,0,0.00,0.0012
Credit-g,2,0.05,LR,0.588000,0.547890,0.552410,0.547253,72,0.02,0.0004
Credit-g,2,0.05,SVM,0.688000,0.614229,0.557406,0.545455,504,0.00,0.0023
Credit-g,2,0.05,RF,0.672000,0.574817,0.535495,0.515779,1128,0.28,0.1014
Credit-g,2,0.05,LinearProbe,0.684000,0.342000,0.500000,0.406176,130,0.06,0.0008
Credit-g,2,0.05,BitFit,0.648000,0.547916,0.531572,0.522942,194,0.13,0.0009
Credit-g,2,0.05,SSF,0.684000,0.342000,0.500000,0.406176,526,0.07,0.0014
Credit-g,2,0.05,Adapter,0.684000,0.342000,0.500000,0.406176,1096,0.08,0.0009
Credit-g,2,0.05,LoRA,0.684000,0.342000,0.500000,0.406176,1828,0.06,0.0010
Credit-g,2,0.05,LFW(ours),0.540000,0.487500,0.486676,0.486047,71,0.12,0.0009
Credit-g,2,0.05,FFT,0.684000,0.342000,0.500000,0.406176,17602,0.13,0.0007
Credit-g,2,0.1,ZeroShot,0.480000,0.461986,0.456436,0.450419,0,0.00,0.0009
Credit-g,2,0.1,VarFilter,0.516000,0.481518,0.479347,0.476091,0,0.00,0.0011
Credit-g,2,0.1,MIFilter,0.588000,0.402233,0.446850,0.411173,0,0.00,0.0010
Credit-g,2,0.1,LR,0.632000,0.567061,0.564142,0.565185,72,0.05,0.0005
Credit-g,2,0.1,SVM,0.692000,0.659607,0.522874,0.464251,1008,0.00,0.0023
Credit-g,2,0.1,RF,0.676000,0.564904,0.517988,0.473684,2266,0.25,0.1030
Credit-g,2,0.1,LinearProbe,0.372000,0.465325,0.472833,0.365657,130,0.08,0.0009
Credit-g,2,0.1,BitFit,0.576000,0.499342,0.499371,0.499017,194,0.09,0.0006
Credit-g,2,0.1,SSF,0.376000,0.480759,0.485972,0.366883,526,0.09,0.0014
Credit-g,2,0.1,Adapter,0.480000,0.461986,0.456436,0.450419,1096,0.07,0.0012
Credit-g,2,0.1,LoRA,0.480000,0.461986,0.456436,0.450419,1828,0.06,0.0010
Credit-g,2,0.1,LFW(ours),0.648000,0.570503,0.558813,0.559612,71,0.23,0.0006
Credit-g,2,0.1,FFT,0.376000,0.480759,0.485972,0.366883,17602,0.16,0.0009
Credit-g,2,0.2,ZeroShot,0.480000,0.461986,0.456436,0.450419,0,0.00,0.0007
Credit-g,2,0.2,VarFilter,0.544000,0.486849,0.486194,0.485968,0,0.00,0.0009
Credit-g,2,0.2,MIFilter,0.540000,0.490782,0.490081,0.488971,0,0.00,0.0009
Credit-g,2,0.2,LR,0.668000,0.607937,0.600674,0.603243,72,0.24,0.0005
Credit-g,2,0.2,SVM,0.684000,0.342000,0.500000,0.406176,2304,0.00,0.0068
Credit-g,2,0.2,RF,0.688000,0.615282,0.564216,0.556858,4280,0.27,0.1005
Credit-g,2,0.2,LinearProbe,0.652000,0.533830,0.517470,0.496283,130,0.10,0.0009
Credit-g,2,0.2,BitFit,0.576000,0.502857,0.502776,0.502665,194,0.09,0.0007
Credit-g,2,0.2,SSF,0.684000,0.342000,0.500000,0.406176,526,0.07,0.0011
Credit-g,2,0.2,Adapter,0.644000,0.486541,0.494596,0.455870,1096,0.08,0.0009
Credit-g,2,0.2,LoRA,0.684000,0.342000,0.500000,0.406176,1828,0.08,0.0009
Credit-g,2,0.2,LFW(ours),0.568000,0.485876,0.486713,0.485714,71,0.12,0.0008
Credit-g,2,0.2,FFT,0.660000,0.483959,0.496077,0.438588,17602,0.31,0.0007
Credit-g,2,0.5,ZeroShot,0.480000,0.461986,0.456436,0.450419,0,0.00,0.0009
Credit-g,2,0.5,VarFilter,0.532000,0.482182,0.480828,0.480083,0,0.00,0.0008
Credit-g,2,0.5,MIFilter,0.384000,0.602183,0.539492,0.351459,0,0.00,0.0008
Credit-g,2,0.5,LR,0.668000,0.607937,0.600674,0.603243,72,0.24,0.0005
Credit-g,2,0.5,SVM,0.700000,0.700000,0.535532,0.487411,4896,0.00,0.0121
Credit-g,2,0.5,RF,0.696000,0.635556,0.556444,0.538656,10616,0.27,0.0991
Credit-g,2,0.5,LinearProbe,0.684000,0.342000,0.500000,0.406176,130,0.07,0.0006
Credit-g,2,0.5,BitFit,0.500000,0.471371,0.467651,0.463749,194,0.07,0.0009
Credit-g,2,0.5,SSF,0.684000,0.342000,0.500000,0.406176,526,0.07,0.0014
Credit-g,2,0.5,Adapter,0.684000,0.342000,0.500000,0.406176,1096,0.07,0.0008
Credit-g,2,0.5,LoRA,0.684000,0.342000,0.500000,0.406176,1828,0.06,0.0009
Credit-g,2,0.5,LFW(ours),0.632000,0.567061,0.564142,0.565185,71,0.31,0.0011
Credit-g,2,0.5,FFT,0.684000,0.342000,0.500000,0.406176,17602,0.13,0.0010
Credit-g,2,1.0,ZeroShot,0.480000,0.461986,0.456436,0.450419,0,0.00,0.0007
Credit-g,2,1.0,VarFilter,0.556000,0.501684,0.501777,0.500998,0,0.00,0.0008
Credit-g,2,1.0,MIFilter,0.392000,0.559838,0.531720,0.370694,0,0.00,0.0008
Credit-g,2,1.0,LR,0.716000,0.666774,0.652787,0.657937,72,0.30,0.0005
Credit-g,2,1.0,SVM,0.692000,0.640406,0.529684,0.482791,9648,0.00,0.0242
Credit-g,2,1.0,RF,0.724000,0.691585,0.604153,0.605543,19386,0.27,0.1035
Credit-g,2,1.0,LinearProbe,0.684000,0.342000,0.500000,0.406176,130,0.07,0.0008
Credit-g,2,1.0,BitFit,0.500000,0.471371,0.467651,0.463749,194,0.08,0.0007
Credit-g,2,1.0,SSF,0.684000,0.342000,0.500000,0.406176,526,0.07,0.0010
Credit-g,2,1.0,Adapter,0.684000,0.342000,0.500000,0.406176,1096,0.08,0.0011
Credit-g,2,1.0,LoRA,0.684000,0.342000,0.500000,0.406176,1828,0.07,0.0009
Credit-g,2,1.0,LFW(ours),0.668000,0.588078,0.563217,0.561968,71,0.28,0.0008
Credit-g,2,1.0,FFT,0.660000,0.547727,0.523318,0.501396,17602,0.26,0.0009
Credit-g,3,0.05,ZeroShot,0.680000,0.508772,0.500481,0.416501,0,0.00,0.0006
Credit-g,3,0.05,VarFilter,0.680000,0.508772,0.500481,0.416501,0,0.00,0.0012
Credit-g,3,0.05,MIFilter,0.668000,0.423497,0.491709,0.411765,0,0.00,0.0010
Credit-g,3,0.05,LR,0.680000,0.612121,0.589015,0.592203,72,0.03,0.0006
Credit-g,3,0.05,SVM,0.684000,0.342000,0.500000,0.406176,432,0.00,0.0020
Credit-g,3,0.05,RF,0.676000,0.508880,0.500962,0.425939,988,0.27,0.0982
Credit-g,3,0.05,LinearProbe,0.680000,0.508772,0.500481,0.416501,130,0.10,0.0008
Credit-g,3,0.05,BitFit,0.680000,0.508772,0.500481,0.416501,194,0.06,0.0010
Credit-g,3,0.05,SSF,0.680000,0.508772,0.500481,0.416501,526,0.06,0.0011
Credit-g,3,0.05,Adapter,0.680000,0.508772,0.500481,0.416501,1096,0.06,0.0011
Credit-g,3,0.05,LoRA,0.680000,0.508772,0.500481,0.416501,1828,0.06,0.0010
Credit-g,3,0.05,LFW(ours),0.680000,0.508772,0.500481,0.416501,71,0.11,0.0006
Credit-g,3,0.05,FFT,0.424000,0.490414,0.490414,0.424000,17602,0.20,0.0009
Credit-g,3,0.1,ZeroShot,0.680000,0.508772,0.500481,0.416501,0,0.00,0.0007
Credit-g,3,0.1,VarFilter,0.680000,0.508772,0.500481,0.416501,0,0.00,0.0011
Credit-g,3,0.1,MIFilter,0.708000,0.655040,0.592457,0.592734,0,0.00,0.0012
Credit-g,3,0.1,LR,0.676000,0.608567,0.589496,0.592809,72,0.21,0.0005
Credit-g,3,0.1,SVM,0.684000,0.342000,0.500000,0.406176,936,0.00,0.0023
Credit-g,3,0.1,RF,0.676000,0.564904,0.517988,0.473684,2188,0.26,0.0998
Credit-g,3,0.1,LinearProbe,0.356000,0.447500,0.461137,0.347216,130,0.13,0.0008
Credit-g,3,0.1,BitFit,0.680000,0.508772,0.500481,0.416501,194,0.07,0.0007
Credit-g,3,0.1,SSF,0.416000,0.481161,0.481161,0.416000,526,0.06,0.0011
Credit-g,3,0.1,Adapter,0.352000,0.442685,0.458213,0.342532,1096,0.10,0.0011
Credit-g,3,0.1,LoRA,0.500000,0.513317,0.515323,0.488803,1828,0.16,0.0008
Credit-g,3,0.1,LFW(ours),0.596000,0.559009,0.565068,0.558343,71,0.19,0.0008
Credit-g,3,0.1,FFT,0.636000,0.580147,0.580687,0.580405,17602,0.25,0.0009
Credit-g,3,0.2,ZeroShot,0.680000,0.508772,0.500481,0.416501,0,0.00,0.0009
Credit-g,3,0.2,VarFilter,0.680000,0.508772,0.500481,0.416501,0,0.00,0.0010
Credit-g,3,0.2,MIFilter,0.708000,0.657544,0.585647,0.582676,0,0.00,0.0009
Credit-g,3,0.2,LR,0.672000,0.595390,0.569546,0.569472,72,0.19,0.0004
Credit-g,3,0.2,SVM,0.684000,0.342000,0.500000,0.406176,2520,0.00,0.0048
Credit-g,3,0.2,RF,0.668000,0.563385,0.529166,0.506552,4150,0.27,0.1005
Credit-g,3,0.2,LinearProbe,0.436000,0.495912,0.495781,0.435774,130,0.14,0.0012
Credit-g,3,0.2,BitFit,0.680000,0.508772,0.500481,0.416501,194,0.06,0.0006
Credit-g,3,0.2,SSF,0.416000,0.481161,0.481161,0.416000,526,0.07,0.0010
Credit-g,3,0.2,Adapter,0.680000,0.508772,0.500481,0.416501,1096,0.06,0.0011
Credit-g,3,0.2,LoRA,0.680000,0.508772,0.500481,0.416501,1828,0.06,0.0007
Credit-g,3,0.2,LFW(ours),0.572000,0.547861,0.554334,0.542977,71,0.22,0.0008
Credit-g,3,0.2,FFT,0.504000,0.528011,0.531868,0.496753,17602,0.17,0.0008
Credit-g,3,0.5,ZeroShot,0.680000,0.508772,0.500481,0.416501,0,0.00,0.0006
Credit-g,3,0.5,VarFilter,0.680000,0.508772,0.500481,0.416501,0,0.00,0.0009
Credit-g,3,0.5,MIFilter,0.676000,0.340726,0.494152,0.403341,0,0.00,0.0009
Credit-g,3,0.5,LR,0.704000,0.649520,0.630395,0.636085,72,0.24,0.0004
Credit-g,3,0.5,SVM,0.684000,0.342000,0.500000,0.406176,5040,0.00,0.0087
Credit-g,3,0.5,RF,0.732000,0.708606,0.613406,0.616977,10158,0.25,0.1001
Credit-g,3,0.5,LinearProbe,0.524000,0.483485,0.481790,0.479631,130,0.14,0.0009
Credit-g,3,0.5,BitFit,0.680000,0.508772,0.500481,0.416501,194,0.07,0.0008
Credit-g,3,0.5,SSF,0.504000,0.495157,0.494411,0.481571,526,0.09,0.0011
Credit-g,3,0.5,Adapter,0.516000,0.481518,0.479347,0.476091,1096,0.09,0.0012
Credit-g,3,0.5,LoRA,0.612000,0.570717,0.576764,0.571335,1828,0.23,0.0011
Credit-g,3,0.5,LFW(ours),0.584000,0.555993,0.563106,0.552834,71,0.20,0.0009
Credit-g,3,0.5,FFT,0.620000,0.559183,0.558776,0.558968,17602,0.25,0.0009
Credit-g,3,1.0,ZeroShot,0.680000,0.508772,0.500481,0.416501,0,0.00,0.0008
Credit-g,3,1.0,VarFilter,0.680000,0.508772,0.500481,0.416501,0,0.00,0.0008
Credit-g,3,1.0,MIFilter,0.676000,0.340726,0.494152,0.403341,0,0.00,0.0009
Credit-g,3,1.0,LR,0.732000,0.692668,0.633837,0.642667,72,0.28,0.0004
Credit-g,3,1.0,SVM,0.684000,0.342000,0.500000,0.406176,9936,0.00,0.0260
Credit-g,3,1.0,RF,0.724000,0.688603,0.607558,0.610390,19804,0.27,0.0975
Credit-g,3,1.0,LinearProbe,0.672000,0.571998,0.532090,0.509147,130,0.09,0.0006
Credit-g,3,1.0,BitFit,0.680000,0.566621,0.510697,0.448367,194,0.12,0.0009
Credit-g,3,1.0,SSF,0.660000,0.547727,0.523318,0.501396,526,0.11,0.0013
Credit-g,3,1.0,Adapter,0.660000,0.547727,0.523318,0.501396,1096,0.07,0.0011
Credit-g,3,1.0,LoRA,0.644000,0.526350,0.515027,0.497459,1828,0.14,0.0010
Credit-g,3,1.0,LFW(ours),0.676000,0.581216,0.535014,0.511754,71,0.15,0.0010
Credit-g,3,1.0,FFT,0.612000,0.555241,0.556333,0.555690,17602,0.28,0.0009
Credit-g,4,0.05,ZeroShot,0.684000,0.342000,0.500000,0.406176,0,0.00,0.0008
Credit-g,4,0.05,VarFilter,0.684000,0.342000,0.500000,0.406176,0,0.00,0.0011
Credit-g,4,0.05,MIFilter,0.684000,0.342000,0.500000,0.406176,0,0.00,0.0011
Credit-g,4,0.05,LR,0.624000,0.526961,0.520838,0.516222,72,0.08,0.0005
Credit-g,4,0.05,SVM,0.648000,0.493584,0.497520,0.458075,432,0.00,0.0015
Credit-g,4,0.05,RF,0.600000,0.441441,0.465838,0.438757,922,0.25,0.1033
Credit-g,4,0.05,LinearProbe,0.376000,0.429911,0.428085,0.375840,130,0.09,0.0010
Credit-g,4,0.05,BitFit,0.684000,0.342000,0.500000,0.406176,194,0.06,0.0009
Credit-g,4,0.05,SSF,0.368000,0.416191,0.412022,0.367352,526,0.06,0.0013
Credit-g,4,0.05,Adapter,0.684000,0.342000,0.500000,0.406176,1096,0.06,0.0011
Credit-g,4,0.05,LoRA,0.428000,0.466165,0.462692,0.424677,1828,0.11,0.0007
Credit-g,4,0.05,LFW(ours),0.308000,0.376577,0.436265,0.282646,71,0.22,0.0010
Credit-g,4,0.05,FFT,0.324000,0.414394,0.458176,0.296993,17602,0.12,0.0007
Credit-g,4,0.1,ZeroShot,0.684000,0.342000,0.500000,0.406176,0,0.00,0.0007
Credit-g,4,0.1,VarFilter,0.684000,0.342000,0.500000,0.406176,0,0.00,0.0011
Credit-g,4,0.1,MIFilter,0.684000,0.342000,0.500000,0.406176,0,0.00,0.0010
Credit-g,4,0.1,LR,0.664000,0.594588,0.580724,0.583333,72,0.15,0.0004
Credit-g,4,0.1,SVM,0.684000,0.342000,0.500000,0.406176,936,0.00,0.0023
Credit-g,4,0.1,RF,0.668000,0.555678,0.522355,0.492553,2078,0.26,0.1020
Credit-g,4,0.1,LinearProbe,0.368000,0.428046,0.429047,0.367960,130,0.10,0.0006
Credit-g,4,0.1,BitFit,0.684000,0.342000,0.500000,0.406176,194,0.06,0.0007
Credit-g,4,0.1,SSF,0.540000,0.477194,0.476460,0.476616,526,0.12,0.0011
Credit-g,4,0.1,Adapter,0.684000,0.342000,0.500000,0.406176,1096,0.06,0.0011
Credit-g,4,0.1,LoRA,0.684000,0.342000,0.500000,0.406176,1828,0.06,0.0007
Credit-g,4,0.1,LFW(ours),0.272000,0.307449,0.382708,0.252874,71,0.23,0.0012
Credit-g,4,0.1,FFT,0.504000,0.457385,0.453549,0.453494,17602,0.17,0.0007
Credit-g,4,0.2,ZeroShot,0.684000,0.342000,0.500000,0.406176,0,0.00,0.0007
Credit-g,4,0.2,VarFilter,0.684000,0.342000,0.500000,0.406176,0,0.00,0.0008
Credit-g,4,0.2,MIFilter,0.684000,0.342000,0.500000,0.406176,0,0.00,0.0008
Credit-g,4,0.2,LR,0.648000,0.599287,0.603079,0.600755,72,0.22,0.0005
Credit-g,4,0.2,SVM,0.604000,0.556944,0.560700,0.557554,1584,0.00,0.0048
Credit-g,4,0.2,RF,0.680000,0.606750,0.575394,0.575588,3956,0.27,0.1029
Credit-g,4,0.2,LinearProbe,0.684000,0.342000,0.500000,0.406176,130,0.07,0.0009
Credit-g,4,0.2,BitFit,0.684000,0.342000,0.500000,0.406176,194,0.06,0.0009
Credit-g,4,0.2,SSF,0.540000,0.434644,0.442409,0.436838,526,0.08,0.0010
Credit-g,4,0.2,Adapter,0.684000,0.342000,0.500000,0.406176,1096,0.06,0.0011
Credit-g,4,0.2,LoRA,0.684000,0.342000,0.500000,0.406176,1828,0.06,0.0011
Credit-g,4,0.2,LFW(ours),0.560000,0.448487,0.457029,0.449516,71,0.20,0.0009
Credit-g,4,0.2,FFT,0.684000,0.342000,0.500000,0.406176,17602,0.15,0.0009
Credit-g,4,0.5,ZeroShot,0.684000,0.342000,0.500000,0.406176,0,0.00,0.0008
Credit-g,4,0.5,VarFilter,0.684000,0.342000,0.500000,0.406176,0,0.00,0.0010
Credit-g,4,0.5,MIFilter,0.684000,0.342000,0.500000,0.406176,0,0.00,0.0011
Credit-g,4,0.5,LR,0.680000,0.617690,0.602635,0.606578,72,0.24,0.0005
Credit-g,4,0.5,SVM,0.684000,0.342000,0.500000,0.406176,4680,0.00,0.0123
Credit-g,4,0.5,RF,0.708000,0.663932,0.575431,0.566003,10150,0.26,0.1021
Credit-g,4,0.5,LinearProbe,0.576000,0.460606,0.468725,0.459669,130,0.11,0.0009
Credit-g,4,0.5,BitFit,0.684000,0.342000,0.500000,0.406176,194,0.06,0.0006
Credit-g,4,0.5,SSF,0.368000,0.416191,0.412022,0.367352,526,0.07,0.0010
Credit-g,4,0.5,Adapter,0.684000,0.342000,0.500000,0.406176,1096,0.06,0.0009
Credit-g,4,0.5,LoRA,0.684000,0.342000,0.500000,0.406176,1828,0.07,0.0009
Credit-g,4,0.5,LFW(ours),0.684000,0.342000,0.500000,0.406176,71,0.12,0.0010
Credit-g,4,0.5,FFT,0.520000,0.484085,0.482271,0.479167,17602,0.39,0.0007
Credit-g,4,1.0,ZeroShot,0.684000,0.342000,0.500000,0.406176,0,0.00,0.0008
Credit-g,4,1.0,VarFilter,0.684000,0.342000,0.500000,0.406176,0,0.00,0.0009
Credit-g,4,1.0,MIFilter,0.684000,0.342000,0.500000,0.406176,0,0.00,0.0010
Credit-g,4,1.0,LR,0.708000,0.655879,0.640129,0.645459,72,0.27,0.0005
Credit-g,4,1.0,SVM,0.684000,0.342000,0.500000,0.406176,9504,0.00,0.0211
Credit-g,4,1.0,RF,0.692000,0.623423,0.563735,0.554181,20102,0.27,0.1017
Credit-g,4,1.0,LinearProbe,0.684000,0.342000,0.500000,0.406176,130,0.06,0.0009
Credit-g,4,1.0,BitFit,0.684000,0.342000,0.500000,0.406176,194,0.07,0.0008
Credit-g,4,1.0,SSF,0.368000,0.416191,0.412022,0.367352,526,0.07,0.0027
Credit-g,4,1.0,Adapter,0.684000,0.342000,0.500000,0.406176,1096,0.07,0.0008
Credit-g,4,1.0,LoRA,0.684000,0.342000,0.500000,0.406176,1828,0.07,0.0009
Credit-g,4,1.0,LFW(ours),0.632000,0.477298,0.489229,0.456727,71,0.22,0.0009
Credit-g,4,1.0,FFT,0.544000,0.479908,0.479384,0.479509,17602,0.23,0.0009
WDBC,0,0.05,ZeroShot,0.965035,0.961364,0.964628,0.962940,0,0.00,0.0006
WDBC,0,0.05,VarFilter,0.923077,0.914385,0.934561,0.920447,0,0.00,0.0012
WDBC,0,0.05,MIFilter,0.965035,0.968457,0.957345,0.962378,0,0.00,0.0013
WDBC,0,0.05,LR,0.923077,0.945000,0.898148,0.914198,31,0.00,0.0008
WDBC,0,0.05,SVM,0.776224,0.867769,0.703704,0.713283,155,0.00,0.0016
WDBC,0,0.05,RF,0.944056,0.947742,0.933208,0.939560,570,0.27,0.1768
WDBC,0,0.05,LinearProbe,0.965035,0.961364,0.964628,0.962940,130,0.06,0.0009
WDBC,0,0.05,BitFit,0.965035,0.961364,0.964628,0.962940,194,0.06,0.0007
WDBC,0,0.05,SSF,0.965035,0.961364,0.964628,0.962940,444,0.06,0.0015
WDBC,0,0.05,Adapter,0.965035,0.961364,0.964628,0.962940,1096,0.06,0.0010
WDBC,0,0.05,LoRA,0.965035,0.961364,0.964628,0.962940,1664,0.06,0.0009
WDBC,0,0.05,LFW(ours),0.965035,0.961364,0.964628,0.962940,30,0.12,0.0007
WDBC,0,0.05,FFT,0.965035,0.961364,0.964628,0.962940,12354,0.14,0.0007
WDBC,0,0.1,ZeroShot,0.965035,0.961364,0.964628,0.962940,0,0.00,0.0007
WDBC,0,0.1,VarFilter,0.937063,0.928773,0.942156,0.934165,0,0.00,0.0011
WDBC,0,0.1,MIFilter,0.979021,0.979455,0.975864,0.977601,0,0.00,0.0014
WDBC,0,0.1,LR,0.958042,0.963118,0.948086,0.954670,31,0.00,0.0008
WDBC,0,0.1,SVM,0.944056,0.940491,0.940491,0.940491,310,0.00,0.0022
WDBC,0,0.1,RF,0.937063,0.934486,0.931232,0.932804,620,0.30,0.2558
WDBC,0,0.1,LinearProbe,0.965035,0.961364,0.964628,0.962940,130,0.07,0.0008
WDBC,0,0.1,BitFit,0.965035,0.961364,0.964628,0.962940,194,0.07,0.0013
WDBC,0,0.1,SSF,0.965035,0.961364,0.964628,0.962940,444,0.08,0.0017
WDBC,0,0.1,Adapter,0.965035,0.961364,0.964628,0.962940,1096,0.07,0.0017
WDBC,0,0.1,LoRA,0.965035,0.961364,0.964628,0.962940,1664,0.08,0.0013
WDBC,0,0.1,LFW(ours),0.965035,0.961364,0.964628,0.962940,30,0.14,0.0010
WDBC,0,0.1,FFT,0.958042,0.952791,0.959010,0.955682,12354,0.16,0.0010
WDBC,0,0.2,ZeroShot,0.965035,0.961364,0.964628,0.962940,0,0.00,0.0008
WDBC,0,0.2,VarFilter,0.965035,0.959098,0.968269,0.963192,0,0.00,0.0011
WDBC,0,0.2,MIFilter,0.944056,0.936511,0.947774,0.941297,0,0.00,0.0010
WDBC,0,0.2,LR,0.944056,0.952741,0.929567,0.939045,31,0.00,0.0008
WDBC,0,0.2,SVM,0.937063,0.947695,0.920308,0.931121,496,0.00,0.0039
WDBC,0,0.2,RF,0.958042,0.963118,0.948086,0.954670,802,0.30,0.2474
WDBC,0,0.2,LinearProbe,0.965035,0.961364,0.964628,0.962940,130,0.07,0.0008
WDBC,0,0.2,BitFit,0.965035,0.961364,0.964628,0.962940,194,0.07,0.0009
WDBC,0,0.2,SSF,0.965035,0.961364,0.964628,0.962940,444,0.08,0.0014
WDBC,0,0.2,Adapter,0.965035,0.961364,0.964628,0.962940,1096,0.07,0.0014
WDBC,0,0.2,LoRA,0.965035,0.961364,0.964628,0.962940,1664,0.07,0.0010
WDBC,0,0.2,LFW(ours),0.965035,0.961364,0.964628,0.962940,30,0.15,0.0011
WDBC,0,0.2,FFT,0.972028,0.970246,0.970246,0.970246,12354,0.17,0.0009
WDBC,0,0.5,ZeroShot,0.965035,0.961364,0.964628,0.962940,0,0.00,0.0011
WDBC,0,0.5,VarFilter,0.916084,0.906928,0.921660,0.912485,0,0.00,0.0010
WDBC,0,0.5,MIFilter,0.979021,0.979455,0.975864,0.977601,0,0.00,0.0011
WDBC,0,0.5,LR,0.965035,0.973404,0.953704,0.962067,31,0.00,0.0011
WDBC,0,0.5,SVM,0.951049,0.957881,0.938826,0.946894,930,0.00,0.0065
WDBC,0,0.5,RF,0.951049,0.943200,0.957033,0.948795,1722,0.30,0.2615
WDBC,0,0.5,LinearProbe,0.965035,0.961364,0.964628,0.962940,130,0.08,0.0009
WDBC,0,0.5,BitFit,0.965035,0.961364,0.964628,0.962940,194,0.08,0.0008
WDBC,0,0.5,SSF,0.965035,0.961364,0.964628,0.962940,444,0.08,0.0012
WDBC,0,0.5,Adapter,0.965035,0.961364,0.964628,0.962940,1096,0.07,0.0014
WDBC,0,0.5,LoRA,0.965035,0.961364,0.964628,0.962940,1664,0.08,0.0015
WDBC,0,0.5,LFW(ours),0.965035,0.961364,0.964628,0.962940,30,0.15,0.0010
WDBC,0,0.5,FFT,0.972028,0.970246,0.970246,0.970246,12354,0.16,0.0008
WDBC,0,1.0,ZeroShot,0.965035,0.961364,0.964628,0.962940,0,0.00,0.0009
WDBC,0,1.0,VarFilter,0.916084,0.908764,0.914378,0.911364,0,0.00,0.0011
WDBC,0,1.0,MIFilter,0.979021,0.979455,0.975864,0.977601,0,0.00,0.0085
WDBC,0,1.0,LR,0.965035,0.973404,0.953704,0.962067,31,0.00,0.0006
WDBC,0,1.0,SVM,0.965035,0.968457,0.957345,0.962378,1302,0.00,0.0089
WDBC,0,1.0,RF,0.951049,0.946591,0.949750,0.948116,1980,0.31,0.2609
WDBC,0,1.0,LinearProbe,0.972028,0.970246,0.970246,0.970246,130,0.12,0.0010
WDBC,0,1.0,BitFit,0.965035,0.961364,0.964628,0.962940,194,0.09,0.0009
WDBC,0,1.0,SSF,0.965035,0.961364,0.964628,0.962940,444,0.09,0.0015
WDBC,0,1.0,Adapter,0.965035,0.961364,0.964628,0.962940,1096,0.07,0.0015
WDBC,0,1.0,LoRA,0.972028,0.970246,0.970246,0.970246,1664,0.10,0.0020
WDBC,0,1.0,LFW(ours),0.965035,0.964465,0.960986,0.962669,30,0.20,0.0008
WDBC,0,1.0,FFT,0.972028,0.970246,0.970246,0.970246,12354,0.31,0.0010
WDBC,1,0.05,ZeroShot,0.895105,0.905442,0.872035,0.884135,0,0.00,0.0009
WDBC,1,0.05,VarFilter,0.839161,0.865120,0.797961,0.814652,0,0.00,0.0012
WDBC,1,0.05,MIFilter,0.888112,0.894666,0.866417,0.876989,0,0.00,0.0011
WDBC,1,0.05,LR,0.874126,0.890028,0.844257,0.858882,31,0.00,0.0006
WDBC,1,0.05,SVM,0.902098,0.901613,0.888577,0.894231,155,0.00,0.0022
WDBC,1,0.05,RF,0.895105,0.919177,0.864752,0.881786,572,0.32,0.1993
WDBC,1,0.05,LinearProbe,0.895105,0.905442,0.872035,0.884135,130,0.08,0.0011
WDBC,1,0.05,BitFit,0.895105,0.905442,0.872035,0.884135,194,0.07,0.0008
WDBC,1,0.05,SSF,0.895105,0.905442,0.872035,0.884135,444,0.08,0.0022
WDBC,1,0.05,Adapter,0.895105,0.905442,0.872035,0.884135,1096,0.07,0.0012
WDBC,1,0.05,LoRA,0.895105,0.905442,0.872035,0.884135,1664,0.08,0.0012
WDBC,1,0.05,LFW(ours),0.895105,0.905442,0.872035,0.884135,30,0.15,0.0010
WDBC,1,0.05,FFT,0.909091,0.921655,0.886912,0.899584,12354,0.16,0.0008
WDBC,1,0.1,ZeroShot,0.895105,0.905442,0.872035,0.884135,0,0.00,0.0011
WDBC,1,0.1,VarFilter,0.881119,0.889229,0.857158,0.868687,0,0.00,0.0012
WDBC,1,0.1,MIFilter,0.846154,0.851010,0.818144,0.829244,0,0.00,0.0012
WDBC,1,0.1,LR,0.916084,0.926714,0.896171,0.907742,31,0.00,0.0008
WDBC,1,0.1,SVM,0.930070,0.932366,0.918331,0.924451,310,0.00,0.0029
WDBC,1,0.1,RF,0.902098,0.923739,0.874012,0.890241,614,0.30,0.2525
WDBC,1,0.1,LinearProbe,0.895105,0.905442,0.872035,0.884135,130,0.07,0.0008
WDBC,1,0.1,BitFit,0.895105,0.905442,0.872035,0.884135,194,0.07,0.0011
WDBC,1,0.1,SSF,0.895105,0.905442,0.872035,0.884135,444,0.07,0.0016
WDBC,1,0.1,Adapter,0.895105,0.905442,0.872035,0.884135,1096,0.08,0.0014
WDBC,1,0.1,LoRA,0.895105,0.905442,0.872035,0.884135,1664,0.07,0.0014
WDBC,1,0.1,LFW(ours),0.895105,0.905442,0.872035,0.884135,30,0.15,0.0012
WDBC,1,0.1,FFT,0.909091,0.916002,0.890553,0.900508,12354,0.17,0.0019
WDBC,1,0.2,ZeroShot,0.895105,0.905442,0.872035,0.884135,0,0.00,0.0009
WDBC,1,0.2,VarFilter,0.825175,0.839744,0.786725,0.800825,0,0.00,0.0010
WDBC,1,0.2,MIFilter,0.895105,0.887500,0.890241,0.888820,0,0.00,0.0010
WDBC,1,0.2,LR,0.930070,0.937061,0.914690,0.923806,31,0.00,0.0009
WDBC,1,0.2,SVM,0.909091,0.921655,0.886912,0.899584,465,0.00,0.0038
WDBC,1,0.2,RF,0.895105,0.911744,0.868394,0.882998,670,0.31,0.2526
WDBC,1,0.2,LinearProbe,0.895105,0.905442,0.872035,0.884135,130,0.07,0.0008
WDBC,1,0.2,BitFit,0.895105,0.905442,0.872035,0.884135,194,0.08,0.0007
WDBC,1,0.2,SSF,0.895105,0.905442,0.872035,0.884135,444,0.07,0.0015
WDBC,1,0.2,Adapter,0.895105,0.905442,0.872035,0.884135,1096,0.07,0.0013
WDBC,1,0.2,LoRA,0.895105,0.905442,0.872035,0.884135,1664,0.08,0.0012
WDBC,1,0.2,LFW(ours),0.895105,0.905442,0.872035,0.884135,30,0.14,0.0008
WDBC,1,0.2,FFT,0.902098,0.905702,0.884935,0.893329,12354,0.17,0.0010
WDBC,1,0.5,ZeroShot,0.895105,0.905442,0.872035,0.884135,0,0.00,0.0007
WDBC,1,0.5,VarFilter,0.888112,0.914684,0.855493,0.873227,0,0.00,0.0011
WDBC,1,0.5,MIFilter,0.895105,0.892263,0.882959,0.887135,0,0.00,0.0010
WDBC,1,0.5,LR,0.930070,0.932366,0.918331,0.924451,31,0.00,0.0008
WDBC,1,0.5,SVM,0.944056,0.947742,0.933208,0.939560,713,0.00,0.0051
WDBC,1,0.5,RF,0.916084,0.921382,0.899813,0.908568,848,0.33,0.2456
WDBC,1,0.5,LinearProbe,0.902098,0.905702,0.884935,0.893329,130,0.13,0.0012
WDBC,1,0.5,BitFit,0.895105,0.905442,0.872035,0.884135,194,0.06,0.0010
WDBC,1,0.5,SSF,0.895105,0.895788,0.879318,0.886201,444,0.12,0.0012
WDBC,1,0.5,Adapter,0.895105,0.905442,0.872035,0.884135,1096,0.07,0.0012
WDBC,1,0.5,LoRA,0.916084,0.913462,0.907095,0.910063,1664,0.15,0.0009
WDBC,1,0.5,LFW(ours),0.930070,0.928571,0.921973,0.925052,30,0.30,0.0008
WDBC,1,0.5,FFT,0.930070,0.928571,0.921973,0.925052,12354,0.17,0.0008
WDBC,1,1.0,ZeroShot,0.895105,0.905442,0.872035,0.884135,0,0.00,0.0008
WDBC,1,1.0,VarFilter,0.860140,0.887970,0.822097,0.839758,0,0.00,0.0015
WDBC,1,1.0,MIFilter,0.818182,0.841641,0.773824,0.789229,0,0.00,0.0010
WDBC,1,1.0,LR,0.944056,0.947742,0.933208,0.939560,31,0.00,0.0008
WDBC,1,1.0,SVM,0.937063,0.942358,0.923949,0.931721,1364,0.00,0.0086
WDBC,1,1.0,RF,0.930070,0.937061,0.914690,0.923806,1920,0.33,0.2568
WDBC,1,1.0,LinearProbe,0.909091,0.911311,0.894195,0.901374,130,0.22,0.0010
WDBC,1,1.0,BitFit,0.895105,0.905442,0.872035,0.884135,194,0.07,0.0009
WDBC,1,1.0,SSF,0.895105,0.905442,0.872035,0.884135,444,0.08,0.0012
WDBC,1,1.0,Adapter,0.895105,0.905442,0.872035,0.884135,1096,0.07,0.0013
WDBC,1,1.0,LoRA,0.923077,0.926835,0.909072,0.916547,1664,0.14,0.0012
WDBC,1,1.0,LFW(ours),0.930070,0.937061,0.914690,0.923806,30,0.18,0.0008
WDBC,1,1.0,FFT,0.937063,0.942358,0.923949,0.931721,12354,0.18,0.0011
WDBC,2,0.05,ZeroShot,0.895105,0.885492,0.897524,0.890276,0,0.00,0.0008
WDBC,2,0.05,VarFilter,0.909091,0.902273,0.905119,0.903644,0,0.00,0.0012
WDBC,2,0.05,MIFilter,0.930070,0.923440,0.929255,0.926136,0,0.00,0.0013
WDBC,2,0.05,LR,0.832168,0.860202,0.788702,0.805442,31,0.01,0.0008
WDBC,2,0.05,SVM,0.888112,0.900253,0.862776,0.875814,155,0.00,0.0023
WDBC,2,0.05,RF,0.902098,0.923739,0.874012,0.890241,570,0.30,0.2213
WDBC,2,0.05,LinearProbe,0.895105,0.885492,0.897524,0.890276,130,0.06,0.0010
WDBC,2,0.05,BitFit,0.895105,0.885492,0.897524,0.890276,194,0.08,0.0009
WDBC,2,0.05,SSF,0.895105,0.885492,0.897524,0.890276,444,0.07,0.0018
WDBC,2,0.05,Adapter,0.895105,0.885492,0.897524,0.890276,1096,0.07,0.0014
WDBC,2,0.05,LoRA,0.895105,0.885492,0.897524,0.890276,1664,0.07,0.0012
WDBC,2,0.05,LFW(ours),0.895105,0.885492,0.897524,0.890276,30,0.14,0.0009
WDBC,2,0.05,FFT,0.909091,0.902273,0.905119,0.903644,12354,0.16,0.0009
WDBC,2,0.1,ZeroShot,0.895105,0.885492,0.897524,0.890276,0,0.00,0.0010
WDBC,2,0.1,VarFilter,0.944056,0.940491,0.940491,0.940491,0,0.00,0.0011
WDBC,2,0.1,MIFilter,0.944056,0.938116,0.944132,0.940909,0,0.00,0.0019
WDBC,2,0.1,LR,0.895105,0.927885,0.861111,0.880495,31,0.00,0.0008
WDBC,2,0.1,SVM,0.944056,0.943681,0.936850,0.940042,310,0.00,0.0021
WDBC,2,0.1,RF,0.895105,0.919177,0.864752,0.881786,618,0.30,0.2515
WDBC,2,0.1,LinearProbe,0.895105,0.885492,0.897524,0.890276,130,0.07,0.0012
WDBC,2,0.1,BitFit,0.895105,0.885492,0.897524,0.890276,194,0.07,0.0009
WDBC,2,0.1,SSF,0.895105,0.885492,0.897524,0.890276,444,0.07,0.0012
WDBC,2,0.1,Adapter,0.895105,0.885492,0.897524,0.890276,1096,0.07,0.0011
WDBC,2,0.1,LoRA,0.895105,0.885492,0.897524,0.890276,1664,0.08,0.0014
WDBC,2,0.1,LFW(ours),0.895105,0.885492,0.897524,0.890276,30,0.15,0.0010
WDBC,2,0.1,FFT,0.930070,0.928571,0.921973,0.925052,12354,0.17,0.0008
WDBC,2,0.2,ZeroShot,0.895105,0.885492,0.897524,0.890276,0,0.00,0.0010
WDBC,2,0.2,VarFilter,0.944056,0.940491,0.940491,0.940491,0,0.00,0.0010
WDBC,2,0.2,MIFilter,0.951049,0.946591,0.949750,0.948116,0,0.00,0.0010
WDBC,2,0.2,LR,0.930070,0.942739,0.911049,0.923118,31,0.00,0.0008
WDBC,2,0.2,SVM,0.944056,0.943681,0.936850,0.940042,496,0.00,0.0039
WDBC,2,0.2,RF,0.881119,0.910256,0.846234,0.864561,708,0.30,0.2530
WDBC,2,0.2,LinearProbe,0.895105,0.885492,0.897524,0.890276,130,0.07,0.0010
WDBC,2,0.2,BitFit,0.895105,0.885492,0.897524,0.890276,194,0.08,0.0008
WDBC,2,0.2,SSF,0.895105,0.885492,0.897524,0.890276,444,0.07,0.0015
WDBC,2,0.2,Adapter,0.895105,0.885492,0.897524,0.890276,1096,0.07,0.0013
WDBC,2,0.2,LoRA,0.895105,0.885492,0.897524,0.890276,1664,0.08,0.0027
WDBC,2,0.2,LFW(ours),0.895105,0.885492,0.897524,0.890276,30,0.15,0.0011
WDBC,2,0.2,FFT,0.916084,0.913462,0.907095,0.910063,12354,0.17,0.0009
WDBC,2,0.5,ZeroShot,0.895105,0.885492,0.897524,0.890276,0,0.00,0.0008
WDBC,2,0.5,VarFilter,0.923077,0.919497,0.916355,0.917872,0,0.00,0.0010
WDBC,2,0.5,MIFilter,0.951049,0.946591,0.949750,0.948116,0,0.00,0.0010
WDBC,2,0.5,LR,0.944056,0.947742,0.933208,0.939560,31,0.00,0.0008
WDBC,2,0.5,SVM,0.958042,0.958791,0.951727,0.955031,806,0.00,0.0037
WDBC,2,0.5,RF,0.937063,0.937980,0.927591,0.932281,1040,0.30,0.2097
WDBC,2,0.5,LinearProbe,0.895105,0.885492,0.897524,0.890276,130,0.07,0.0008
WDBC,2,0.5,BitFit,0.895105,0.885492,0.897524,0.890276,194,0.08,0.0008
WDBC,2,0.5,SSF,0.895105,0.885492,0.897524,0.890276,444,0.08,0.0038
WDBC,2,0.5,Adapter,0.895105,0.885492,0.897524,0.890276,1096,0.08,0.0013
WDBC,2,0.5,LoRA,0.895105,0.885492,0.897524,0.890276,1664,0.08,0.0013
WDBC,2,0.5,LFW(ours),0.895105,0.885492,0.897524,0.890276,30,0.15,0.0010
WDBC,2,0.5,FFT,0.909091,0.900755,0.908760,0.904299,12354,0.16,0.0014
WDBC,2,1.0,ZeroShot,0.895105,0.885492,0.897524,0.890276,0,0.00,0.0010
WDBC,2,1.0,VarFilter,0.902098,0.894089,0.899501,0.896591,0,0.00,0.0010
WDBC,2,1.0,MIFilter,0.923077,0.915341,0.923637,0.919022,0,0.00,0.0009
WDBC,2,1.0,LR,0.972028,0.967467,0.973887,0.970455,31,0.00,0.0008
WDBC,2,1.0,SVM,0.965035,0.968457,0.957345,0.962378,1457,0.00,0.0090
WDBC,2,1.0,RF,0.972028,0.967467,0.973887,0.970455,2490,0.30,0.2540
WDBC,2,1.0,LinearProbe,0.895105,0.885492,0.897524,0.890276,130,0.09,0.0011
WDBC,2,1.0,BitFit,0.895105,0.885492,0.897524,0.890276,194,0.08,0.0011
WDBC,2,1.0,SSF,0.895105,0.885492,0.897524,0.890276,444,0.08,0.0013
WDBC,2,1.0,Adapter,0.895105,0.885492,0.897524,0.890276,1096,0.09,0.0011
WDBC,2,1.0,LoRA,0.895105,0.885492,0.897524,0.890276,1664,0.08,0.0012
WDBC,2,1.0,LFW(ours),0.909091,0.899919,0.912401,0.904906,30,0.24,0.0010
WDBC,2,1.0,FFT,0.930070,0.923440,0.929255,0.926136,12354,0.16,0.0011
WDBC,3,0.05,ZeroShot,0.958042,0.963118,0.948086,0.954670,0,0.00,0.0008
WDBC,3,0.05,VarFilter,0.846154,0.862621,0.810861,0.825687,0,0.00,0.0011
WDBC,3,0.05,MIFilter,0.867133,0.864742,0.849563,0.855854,0,0.00,0.0015
WDBC,3,0.05,LR,0.909091,0.904507,0.901477,0.902939,31,0.00,0.0008
WDBC,3,0.05,SVM,0.755245,0.836846,0.679567,0.683728,155,0.00,0.0022
WDBC,3,0.05,RF,0.909091,0.900198,0.919684,0.905983,568,0.31,0.1797
WDBC,3,0.05,LinearProbe,0.965035,0.964465,0.960986,0.962669,130,0.12,0.0009
WDBC,3,0.05,BitFit,0.958042,0.963118,0.948086,0.954670,194,0.07,0.0011
WDBC,3,0.05,SSF,0.958042,0.963118,0.948086,0.954670,444,0.08,0.0012
WDBC,3,0.05,Adapter,0.958042,0.963118,0.948086,0.954670,1096,0.07,0.0013
WDBC,3,0.05,LoRA,0.958042,0.955368,0.955368,0.955368,1664,0.14,0.0012
WDBC,3,0.05,LFW(ours),0.944056,0.943681,0.936850,0.940042,30,0.17,0.0009
WDBC,3,0.05,FFT,0.965035,0.964465,0.960986,0.962669,12354,0.16,0.0009
WDBC,3,0.1,ZeroShot,0.958042,0.963118,0.948086,0.954670,0,0.00,0.0011
WDBC,3,0.1,VarFilter,0.853147,0.852615,0.831045,0.839283,0,0.00,0.0012
WDBC,3,0.1,MIFilter,0.909091,0.911311,0.894195,0.901374,0,0.00,0.0013
WDBC,3,0.1,LR,0.930070,0.928571,0.921973,0.925052,31,0.00,0.0008
WDBC,3,0.1,SVM,0.902098,0.892772,0.910424,0.898479,310,0.00,0.0029
WDBC,3,0.1,RF,0.923077,0.914346,0.927278,0.919536,640,0.30,0.2138
WDBC,3,0.1,LinearProbe,0.958042,0.963118,0.948086,0.954670,130,0.07,0.0009
WDBC,3,0.1,BitFit,0.958042,0.963118,0.948086,0.954670,194,0.07,0.0016
WDBC,3,0.1,SSF,0.958042,0.963118,0.948086,0.954670,444,0.08,0.0017
WDBC,3,0.1,Adapter,0.958042,0.963118,0.948086,0.954670,1096,0.08,0.0013
WDBC,3,0.1,LoRA,0.958042,0.963118,0.948086,0.954670,1664,0.07,0.0011
WDBC,3,0.1,LFW(ours),0.958042,0.963118,0.948086,0.954670,30,0.15,0.0011
WDBC,3,0.1,FFT,0.965035,0.964465,0.960986,0.962669,12354,0.16,0.0045
WDBC,3,0.2,ZeroShot,0.958042,0.963118,0.948086,0.954670,0,0.00,0.0010
WDBC,3,0.2,VarFilter,0.944056,0.943681,0.936850,0.940042,0,0.00,0.0009
WDBC,3,0.2,MIFilter,0.902098,0.910690,0.881294,0.892366,0,0.00,0.0010
WDBC,3,0.2,LR,0.923077,0.919497,0.916355,0.917872,31,0.01,0.0008
WDBC,3,0.2,SVM,0.923077,0.917045,0.919996,0.918468,558,0.00,0.0046
WDBC,3,0.2,RF,0.916084,0.907505,0.918019,0.911946,896,0.31,0.2572
WDBC,3,0.2,LinearProbe,0.958042,0.963118,0.948086,0.954670,130,0.07,0.0010
WDBC,3,0.2,BitFit,0.958042,0.963118,0.948086,0.954670,194,0.07,0.0009
WDBC,3,0.2,SSF,0.958042,0.963118,0.948086,0.954670,444,0.08,0.0014
WDBC,3,0.2,Adapter,0.958042,0.963118,0.948086,0.954670,1096,0.07,0.0011
WDBC,3,0.2,LoRA,0.958042,0.963118,0.948086,0.954670,1664,0.07,0.0011
WDBC,3,0.2,LFW(ours),0.958042,0.963118,0.948086,0.954670,30,0.15,0.0010
WDBC,3,0.2,FFT,0.951049,0.953218,0.942468,0.947330,12354,0.18,0.0007
WDBC,3,0.5,ZeroShot,0.958042,0.963118,0.948086,0.954670,0,0.00,0.0011
WDBC,3,0.5,VarFilter,0.923077,0.931848,0.905431,0.915815,0,0.00,0.0010
WDBC,3,0.5,MIFilter,0.902098,0.898352,0.892218,0.895073,0,0.00,0.0010
WDBC,3,0.5,LR,0.951049,0.953218,0.942468,0.947330,31,0.01,0.0006
WDBC,3,0.5,SVM,0.930070,0.928571,0.921973,0.925052,992,0.00,0.0068
WDBC,3,0.5,RF,0.930070,0.925614,0.925614,0.925614,1420,0.32,0.2112
WDBC,3,0.5,LinearProbe,0.958042,0.958791,0.951727,0.955031,130,0.08,0.0013
WDBC,3,0.5,BitFit,0.958042,0.963118,0.948086,0.954670,194,0.08,0.0008
WDBC,3,0.5,SSF,0.944056,0.952741,0.929567,0.939045,444,0.14,0.0018
WDBC,3,0.5,Adapter,0.944056,0.952741,0.929567,0.939045,1096,0.16,0.0013
WDBC,3,0.5,LoRA,0.965035,0.968457,0.957345,0.962378,1664,0.10,0.0025
WDBC,3,0.5,LFW(ours),0.958042,0.958791,0.951727,0.955031,30,0.15,0.0010
WDBC,3,0.5,FFT,0.951049,0.953218,0.942468,0.947330,12354,0.15,0.0009
WDBC,3,1.0,ZeroShot,0.958042,0.963118,0.948086,0.954670,0,0.00,0.0007
WDBC,3,1.0,VarFilter,0.951049,0.957881,0.938826,0.946894,0,0.00,0.0008
WDBC,3,1.0,MIFilter,0.909091,0.904507,0.901477,0.902939,0,0.00,0.0008
WDBC,3,1.0,LR,0.951049,0.953218,0.942468,0.947330,31,0.00,0.0008
WDBC,3,1.0,SVM,0.951049,0.953218,0.942468,0.947330,1240,0.00,0.0075
WDBC,3,1.0,RF,0.930070,0.922008,0.932896,0.926622,1894,0.32,0.2619
WDBC,3,1.0,LinearProbe,0.944056,0.947742,0.933208,0.939560,130,0.15,0.0008
WDBC,3,1.0,BitFit,0.958042,0.963118,0.948086,0.954670,194,0.07,0.0012
WDBC,3,1.0,SSF,0.958042,0.963118,0.948086,0.954670,444,0.08,0.0016
WDBC,3,1.0,Adapter,0.958042,0.963118,0.948086,0.954670,1096,0.08,0.0014
WDBC,3,1.0,LoRA,0.944056,0.947742,0.933208,0.939560,1664,0.18,0.0014
WDBC,3,1.0,LFW(ours),0.944056,0.943681,0.936850,0.940042,30,0.19,0.0010
WDBC,3,1.0,FFT,0.944056,0.943681,0.936850,0.940042,12354,0.17,0.0008
WDBC,4,0.05,ZeroShot,0.944056,0.940491,0.940491,0.940491,0,0.00,0.0010
WDBC,4,0.05,VarFilter,0.895105,0.892263,0.882959,0.887135,0,0.00,0.0014
WDBC,4,0.05,MIFilter,0.958042,0.958791,0.951727,0.955031,0,0.00,0.0014
WDBC,4,0.05,LR,0.573427,0.678089,0.642738,0.566559,31,0.00,0.0008
WDBC,4,0.05,SVM,0.804196,0.810558,0.766230,0.778147,155,0.00,0.0022
WDBC,4,0.05,RF,0.741259,0.762147,0.773928,0.740446,568,0.31,0.2576
WDBC,4,0.05,LinearProbe,0.944056,0.940491,0.940491,0.940491,130,0.08,0.0010
WDBC,4,0.05,BitFit,0.944056,0.940491,0.940491,0.940491,194,0.07,0.0010
WDBC,4,0.05,SSF,0.944056,0.940491,0.940491,0.940491,444,0.08,0.0012
WDBC,4,0.05,Adapter,0.944056,0.940491,0.940491,0.940491,1096,0.07,0.0113
WDBC,4,0.05,LoRA,0.944056,0.940491,0.940491,0.940491,1664,0.08,0.0014
WDBC,4,0.05,LFW(ours),0.944056,0.940491,0.940491,0.940491,30,0.16,0.0010
WDBC,4,0.05,FFT,0.937063,0.931818,0.934873,0.933292,12354,0.17,0.0011
WDBC,4,0.1,ZeroShot,0.944056,0.940491,0.940491,0.940491,0,0.00,0.0009
WDBC,4,0.1,VarFilter,0.916084,0.907505,0.918019,0.911946,0,0.00,0.0013
WDBC,4,0.1,MIFilter,0.937063,0.934486,0.931232,0.932804,0,0.00,0.0014
WDBC,4,0.1,LR,0.881119,0.871583,0.879005,0.874852,31,0.00,0.0009
WDBC,4,0.1,SVM,0.867133,0.878488,0.838639,0.851797,279,0.00,0.0039
WDBC,4,0.1,RF,0.902098,0.893002,0.903142,0.897270,630,0.33,0.2640
WDBC,4,0.1,LinearProbe,0.944056,0.940491,0.940491,0.940491,130,0.07,0.0010
WDBC,4,0.1,BitFit,0.944056,0.940491,0.940491,0.940491,194,0.07,0.0010
WDBC,4,0.1,SSF,0.944056,0.940491,0.940491,0.940491,444,0.08,0.0014
WDBC,4,0.1,Adapter,0.944056,0.940491,0.940491,0.940491,1096,0.08,0.0014
WDBC,4,0.1,LoRA,0.944056,0.940491,0.940491,0.940491,1664,0.10,0.0013
WDBC,4,0.1,LFW(ours),0.944056,0.940491,0.940491,0.940491,30,0.14,0.0010
WDBC,4,0.1,FFT,0.937063,0.931818,0.934873,0.933292,12354,0.16,0.0009
WDBC,4,0.2,ZeroShot,0.944056,0.940491,0.940491,0.940491,0,0.00,0.0008
WDBC,4,0.2,VarFilter,0.944056,0.938116,0.944132,0.940909,0,0.00,0.0010
WDBC,4,0.2,MIFilter,0.951049,0.949476,0.946109,0.947737,0,0.00,0.0012
WDBC,4,0.2,LR,0.944056,0.958763,0.925926,0.938495,31,0.00,0.0015
WDBC,4,0.2,SVM,0.937063,0.954082,0.916667,0.930481,496,0.00,0.0043
WDBC,4,0.2,RF,0.944056,0.947742,0.933208,0.939560,882,0.32,0.2039
WDBC,4,0.2,LinearProbe,0.944056,0.940491,0.940491,0.940491,130,0.07,0.0009
WDBC,4,0.2,BitFit,0.944056,0.940491,0.940491,0.940491,194,0.07,0.0016
WDBC,4,0.2,SSF,0.944056,0.940491,0.940491,0.940491,444,0.08,0.0012
WDBC,4,0.2,Adapter,0.944056,0.940491,0.940491,0.940491,1096,0.07,0.0013
WDBC,4,0.2,LoRA,0.944056,0.940491,0.940491,0.940491,1664,0.07,0.0012
WDBC,4,0.2,LFW(ours),0.944056,0.940491,0.940491,0.940491,30,0.15,0.0010
WDBC,4,0.2,FFT,0.951049,0.949476,0.946109,0.947737,12354,0.17,0.0019
WDBC,4,0.5,ZeroShot,0.944056,0.940491,0.940491,0.940491,0,0.00,0.0010
WDBC,4,0.5,VarFilter,0.923077,0.915341,0.923637,0.919022,0,0.00,0.0011
WDBC,4,0.5,MIFilter,0.951049,0.949476,0.946109,0.947737,0,0.00,0.0020
WDBC,4,0.5,LR,0.965035,0.968457,0.957345,0.962378,31,0.00,0.0008
WDBC,4,0.5,SVM,0.951049,0.963542,0.935185,0.946428,899,0.00,0.0070
WDBC,4,0.5,RF,0.937063,0.929927,0.938514,0.933745,1346,0.37,0.2558
WDBC,4,0.5,LinearProbe,0.944056,0.940491,0.940491,0.940491,130,0.07,0.0008
WDBC,4,0.5,BitFit,0.944056,0.940491,0.940491,0.940491,194,0.08,0.0012
WDBC,4,0.5,SSF,0.944056,0.940491,0.940491,0.940491,444,0.07,0.0023
WDBC,4,0.5,Adapter,0.944056,0.940491,0.940491,0.940491,1096,0.08,0.0012
WDBC,4,0.5,LoRA,0.944056,0.940491,0.940491,0.940491,1664,0.08,0.0042
WDBC,4,0.5,LFW(ours),0.944056,0.940491,0.940491,0.940491,30,0.15,0.0010
WDBC,4,0.5,FFT,0.937063,0.931818,0.934873,0.933292,12354,0.17,0.0010
WDBC,4,1.0,ZeroShot,0.944056,0.940491,0.940491,0.940491,0,0.00,0.0009
WDBC,4,1.0,VarFilter,0.937063,0.931818,0.934873,0.933292,0,0.00,0.0011
WDBC,4,1.0,MIFilter,0.951049,0.953218,0.942468,0.947330,0,0.00,0.0008
WDBC,4,1.0,LR,0.972028,0.973901,0.966604,0.970021,31,0.00,0.0009
WDBC,4,1.0,SVM,0.944056,0.947742,0.933208,0.939560,1302,0.00,0.0083
WDBC,4,1.0,RF,0.972028,0.970246,0.970246,0.970246,2428,0.31,0.2536
WDBC,4,1.0,LinearProbe,0.944056,0.940491,0.940491,0.940491,130,0.07,0.0008
WDBC,4,1.0,BitFit,0.944056,0.940491,0.940491,0.940491,194,0.08,0.0010
WDBC,4,1.0,SSF,0.944056,0.940491,0.940491,0.940491,444,0.08,0.0041
WDBC,4,1.0,Adapter,0.944056,0.940491,0.940491,0.940491,1096,0.08,0.0013
WDBC,4,1.0,LoRA,0.944056,0.940491,0.940491,0.940491,1664,0.09,0.0010
WDBC,4,1.0,LFW(ours),0.944056,0.940491,0.940491,0.940491,30,0.15,0.0010
WDBC,4,1.0,FFT,0.951049,0.949476,0.946109,0.947737,12354,0.16,0.0009
Heart,0,0.1,ZeroShot,0.815789,0.842353,0.804181,0.807246,0,0.00,0.0009
Heart,0,0.1,VarFilter,0.710526,0.794536,0.687805,0.672157,0,0.00,0.0016
Heart,0,0.1,MIFilter,0.723684,0.802083,0.702091,0.690157,0,0.00,0.0019
Heart,0,0.1,LR,0.684211,0.753005,0.661324,0.642353,26,0.01,0.0016
Heart,0,0.1,SVM,0.671053,0.770833,0.644948,0.614995,130,0.00,0.0026
Heart,0,0.1,RF,0.684211,0.815385,0.657143,0.625923,632,0.31,0.3350
Heart,0,0.1,LinearProbe,0.815789,0.842353,0.804181,0.807246,130,0.07,0.0013
Heart,0,0.1,BitFit,0.815789,0.842353,0.804181,0.807246,194,0.08,0.0011
Heart,0,0.1,SSF,0.815789,0.842353,0.804181,0.807246,434,0.07,0.0014
Heart,0,0.1,Adapter,0.815789,0.842353,0.804181,0.807246,1096,0.07,0.0016
Heart,0,0.1,LoRA,0.815789,0.842353,0.804181,0.807246,1644,0.07,0.0015
Heart,0,0.1,LFW(ours),0.815789,0.842353,0.804181,0.807246,25,0.14,0.0009
Heart,0,0.1,FFT,0.815789,0.842353,0.804181,0.807246,11714,0.15,0.0009
Heart,0,0.2,ZeroShot,0.815789,0.842353,0.804181,0.807246,0,0.00,0.0016
Heart,0,0.2,VarFilter,0.736842,0.789474,0.718467,0.712774,0,0.00,0.0018
Heart,0,0.2,MIFilter,0.750000,0.763846,0.739024,0.739867,0,0.00,0.0017
Heart,0,0.2,LR,0.789474,0.839827,0.773519,0.773810,26,0.00,0.0016
Heart,0,0.2,SVM,0.828947,0.842262,0.820557,0.823792,312,0.00,0.0046
Heart,0,0.2,RF,0.763158,0.824561,0.744948,0.741497,1042,0.32,0.3458
Heart,0,0.2,LinearProbe,0.815789,0.842353,0.804181,0.807246,130,0.07,0.0013
Heart,0,0.2,BitFit,0.815789,0.842353,0.804181,0.807246,194,0.07,0.0009
Heart,0,0.2,SSF,0.815789,0.842353,0.804181,0.807246,434,0.07,0.0017
Heart,0,0.2,Adapter,0.815789,0.842353,0.804181,0.807246,1096,0.07,0.0013
Heart,0,0.2,LoRA,0.815789,0.842353,0.804181,0.807246,1644,0.07,0.0017
Heart,0,0.2,LFW(ours),0.815789,0.842353,0.804181,0.807246,25,0.14,0.0017
Heart,0,0.2,FFT,0.828947,0.879630,0.814286,0.817544,11714,0.30,0.0011
Heart,0,0.5,ZeroShot,0.815789,0.842353,0.804181,0.807246,0,0.00,0.0011
Heart,0,0.5,VarFilter,0.736842,0.789474,0.718467,0.712774,0,0.00,0.0012
Heart,0,0.5,MIFilter,0.789474,0.789288,0.786063,0.787115,0,0.00,0.0009
Heart,0,0.5,LR,0.763158,0.774754,0.753310,0.754839,26,0.00,0.0012
Heart,0,0.5,SVM,0.802632,0.807971,0.796167,0.798408,702,0.00,0.0065
Heart,0,0.5,RF,0.802632,0.813988,0.794077,0.796683,1958,0.30,0.3384
Heart,0,0.5,LinearProbe,0.815789,0.842353,0.804181,0.807246,130,0.07,0.0010
Heart,0,0.5,BitFit,0.815789,0.842353,0.804181,0.807246,194,0.07,0.0009
Heart,0,0.5,SSF,0.815789,0.842353,0.804181,0.807246,434,0.08,0.0018
Heart,0,0.5,Adapter,0.776316,0.793077,0.765505,0.767249,1096,0.15,0.0014
Heart,0,0.5,LoRA,0.815789,0.842353,0.804181,0.807246,1644,0.07,0.0020
Heart,0,0.5,LFW(ours),0.815789,0.842353,0.804181,0.807246,25,0.14,0.0009
Heart,0,0.5,FFT,0.802632,0.813988,0.794077,0.796683,11714,0.24,0.0009
Heart,0,1.0,ZeroShot,0.815789,0.842353,0.804181,0.807246,0,0.00,0.0010
Heart,0,1.0,VarFilter,0.815789,0.855619,0.802091,0.804842,0,0.00,0.0012
Heart,0,1.0,MIFilter,0.789474,0.812549,0.777700,0.779710,0,0.00,0.0012
Heart,0,1.0,LR,0.815789,0.819355,0.810453,0.812544,26,0.00,0.0014
Heart,0,1.0,SVM,0.815789,0.824652,0.808362,0.811080,1248,0.00,0.0124
Heart,0,1.0,RF,0.815789,0.819355,0.810453,0.812544,4880,0.30,0.3348
Heart,0,1.0,LinearProbe,0.842105,0.846595,0.836934,0.839323,130,0.08,0.0015
Heart,0,1.0,BitFit,0.815789,0.842353,0.804181,0.807246,194,0.07,0.0009
Heart,0,1.0,SSF,0.842105,0.846595,0.836934,0.839323,434,0.10,0.0018
Heart,0,1.0,Adapter,0.855263,0.870536,0.847038,0.850901,1096,0.12,0.0017
Heart,0,1.0,LoRA,0.815789,0.842353,0.804181,0.807246,1644,0.08,0.0019
Heart,0,1.0,LFW(ours),0.815789,0.832200,0.806272,0.809319,25,0.19,0.0021
Heart,0,1.0,FFT,0.828947,0.835507,0.822648,0.825287,11714,0.17,0.0012
Heart,1,0.1,ZeroShot,0.828947,0.851538,0.818467,0.822014,0,0.00,0.0011
Heart,1,0.1,VarFilter,0.763158,0.824561,0.744948,0.741497,0,0.00,0.0015
Heart,1,0.1,MIFilter,0.710526,0.713133,0.702439,0.703125,0,0.00,0.0014
Heart,1,0.1,LR,0.671053,0.707854,0.651220,0.637888,26,0.00,0.0021
Heart,1,0.1,SVM,0.565789,0.777027,0.528571,0.410576,130,0.00,0.0033
Heart,1,0.1,RF,0.605263,0.639805,0.579791,0.543269,640,0.31,0.3582
Heart,1,0.1,LinearProbe,0.815789,0.842353,0.804181,0.807246,130,0.07,0.0013
Heart,1,0.1,BitFit,0.828947,0.851538,0.818467,0.822014,194,0.08,0.0011
Heart,1,0.1,SSF,0.828947,0.851538,0.818467,0.822014,434,0.07,0.0018
Heart,1,0.1,Adapter,0.828947,0.851538,0.818467,0.822014,1096,0.06,0.0017
Heart,1,0.1,LoRA,0.828947,0.851538,0.818467,0.822014,1644,0.07,0.0015
Heart,1,0.1,LFW(ours),0.828947,0.851538,0.818467,0.822014,25,0.14,0.0012
Heart,1,0.1,FFT,0.828947,0.851538,0.818467,0.822014,11714,0.14,0.0011
Heart,1,0.2,ZeroShot,0.828947,0.851538,0.818467,0.822014,0,0.00,0.0011
Heart,1,0.2,VarFilter,0.736842,0.746032,0.726829,0.727599,0,0.00,0.0018
Heart,1,0.2,MIFilter,0.828947,0.851538,0.818467,0.822014,0,0.00,0.0015
Heart,1,0.2,LR,0.828947,0.851538,0.818467,0.822014,26,0.00,0.0012
Heart,1,0.2,SVM,0.802632,0.833333,0.789895,0.792236,312,0.00,0.0032
Heart,1,0.2,RF,0.815789,0.842353,0.804181,0.807246,1344,0.31,0.3625
Heart,1,0.2,LinearProbe,0.815789,0.842353,0.804181,0.807246,130,0.07,0.0010
Heart,1,0.2,BitFit,0.828947,0.851538,0.818467,0.822014,194,0.07,0.0011
Heart,1,0.2,SSF,0.828947,0.851538,0.818467,0.822014,434,0.08,0.0018
Heart,1,0.2,Adapter,0.828947,0.851538,0.818467,0.822014,1096,0.07,0.0020
Heart,1,0.2,LoRA,0.828947,0.851538,0.818467,0.822014,1644,0.07,0.0019
Heart,1,0.2,LFW(ours),0.828947,0.851538,0.818467,0.822014,25,0.14,0.0010
Heart,1,0.2,FFT,0.828947,0.851538,0.818467,0.822014,11714,0.15,0.0013
Heart,1,0.5,ZeroShot,0.828947,0.851538,0.818467,0.822014,0,0.00,0.0009
Heart,1,0.5,VarFilter,0.736842,0.746032,0.726829,0.727599,0,0.00,0.0016
Heart,1,0.5,MIFilter,0.842105,0.852531,0.834843,0.838068,0,0.00,0.0012
Heart,1,0.5,LR,0.842105,0.860922,0.832753,0.836559,26,0.00,0.0011
Heart,1,0.5,SVM,0.828947,0.828431,0.826829,0.827484,728,0.00,0.0067
Heart,1,0.5,RF,0.855263,0.870536,0.847038,0.850901,2364,0.31,0.3381
Heart,1,0.5,LinearProbe,0.815789,0.842353,0.804181,0.807246,130,0.07,0.0014
Heart,1,0.5,BitFit,0.828947,0.851538,0.818467,0.822014,194,0.07,0.0012
Heart,1,0.5,SSF,0.828947,0.851538,0.818467,0.822014,434,0.07,0.0022
Heart,1,0.5,Adapter,0.828947,0.851538,0.818467,0.822014,1096,0.07,0.0016
Heart,1,0.5,LoRA,0.828947,0.851538,0.818467,0.822014,1644,0.07,0.0031
Heart,1,0.5,LFW(ours),0.828947,0.851538,0.818467,0.822014,25,0.14,0.0012
Heart,1,0.5,FFT,0.842105,0.860922,0.832753,0.836559,11714,0.15,0.0009
Heart,1,1.0,ZeroShot,0.828947,0.851538,0.818467,0.822014,0,0.00,0.0015
Heart,1,1.0,VarFilter,0.723684,0.764286,0.706272,0.700843,0,0.00,0.0012
Heart,1,1.0,MIFilter,0.855263,0.863043,0.849129,0.852166,0,0.00,0.0012
Heart,1,1.0,LR,0.868421,0.880411,0.861324,0.865057,26,0.00,0.0014
Heart,1,1.0,SVM,0.855263,0.857955,0.851220,0.853205,1040,0.00,0.0084
Heart,1,1.0,RF,0.842105,0.841115,0.841115,0.841115,3762,0.32,0.4188
Heart,1,1.0,LinearProbe,0.815789,0.842353,0.804181,0.807246,130,0.07,0.0013
Heart,1,1.0,BitFit,0.828947,0.851538,0.818467,0.822014,194,0.07,0.0009
Heart,1,1.0,SSF,0.855263,0.857955,0.851220,0.853205,434,0.08,0.0018
Heart,1,1.0,Adapter,0.868421,0.867637,0.869686,0.868056,1096,0.22,0.0018
Heart,1,1.0,LoRA,0.828947,0.851538,0.818467,0.822014,1644,0.07,0.0013
Heart,1,1.0,LFW(ours),0.828947,0.835507,0.822648,0.825287,25,0.23,0.0019
Heart,1,1.0,FFT,0.855263,0.863043,0.849129,0.852166,11714,0.25,0.0011
Heart,2,0.1,ZeroShot,0.750000,0.750000,0.745296,0.746444,0,0.00,0.0012
Heart,2,0.1,VarFilter,0.684211,0.693333,0.671777,0.669565,0,0.00,0.0016
Heart,2,0.1,MIFilter,0.618421,0.645385,0.631707,0.612994,0,0.00,0.0018
Heart,2,0.1,LR,0.802632,0.822308,0.791986,0.794632,26,0.00,0.0016
Heart,2,0.1,SVM,0.644737,0.801471,0.614286,0.562193,130,0.00,0.0038
Heart,2,0.1,RF,0.776316,0.780435,0.769686,0.771530,640,0.31,0.3667
Heart,2,0.1,LinearProbe,0.750000,0.750000,0.745296,0.746444,130,0.07,0.0014
Heart,2,0.1,BitFit,0.750000,0.750000,0.745296,0.746444,194,0.07,0.0009
Heart,2,0.1,SSF,0.750000,0.750000,0.745296,0.746444,434,0.07,0.0017
Heart,2,0.1,Adapter,0.750000,0.750000,0.745296,0.746444,1096,0.06,0.0013
Heart,2,0.1,LoRA,0.750000,0.750000,0.745296,0.746444,1644,0.08,0.0016
Heart,2,0.1,LFW(ours),0.750000,0.750000,0.745296,0.746444,25,0.15,0.0012
Heart,2,0.1,FFT,0.736842,0.735729,0.733101,0.733894,11714,0.16,0.0014
Heart,2,0.2,ZeroShot,0.750000,0.750000,0.745296,0.746444,0,0.00,0.0009
Heart,2,0.2,VarFilter,0.671053,0.670290,0.663763,0.664014,0,0.00,0.0016
Heart,2,0.2,MIFilter,0.723684,0.723011,0.718815,0.719754,0,0.00,0.0018
Heart,2,0.2,LR,0.723684,0.722222,0.722997,0.722483,26,0.00,0.0012
Heart,2,0.2,SVM,0.789474,0.796772,0.781882,0.784091,312,0.00,0.0046
Heart,2,0.2,RF,0.723684,0.725362,0.716725,0.717772,1216,0.30,0.3481
Heart,2,0.2,LinearProbe,0.789474,0.796772,0.781882,0.784091,130,0.11,0.0014
Heart,2,0.2,BitFit,0.750000,0.750000,0.745296,0.746444,194,0.08,0.0009
Heart,2,0.2,SSF,0.802632,0.807971,0.796167,0.798408,434,0.12,0.0016
Heart,2,0.2,Adapter,0.776316,0.780435,0.769686,0.771530,1096,0.13,0.0016
Heart,2,0.2,LoRA,0.750000,0.750000,0.745296,0.746444,1644,0.07,0.0015
Heart,2,0.2,LFW(ours),0.776316,0.780435,0.769686,0.771530,25,0.19,0.0012
Heart,2,0.2,FFT,0.815789,0.824652,0.808362,0.811080,11714,0.17,0.0009
Heart,2,0.5,ZeroShot,0.750000,0.750000,0.745296,0.746444,0,0.00,0.0012
Heart,2,0.5,VarFilter,0.671053,0.722917,0.649129,0.631140,0,0.00,0.0012
Heart,2,0.5,MIFilter,0.802632,0.847643,0.787805,0.789474,0,0.00,0.0012
Heart,2,0.5,LR,0.815789,0.819355,0.810453,0.812544,26,0.00,0.0015
Heart,2,0.5,SVM,0.789474,0.788153,0.788153,0.788153,676,0.00,0.0044
Heart,2,0.5,RF,0.802632,0.813988,0.794077,0.796683,2008,0.32,0.3531
Heart,2,0.5,LinearProbe,0.750000,0.750000,0.745296,0.746444,130,0.07,0.0010
Heart,2,0.5,BitFit,0.750000,0.750000,0.745296,0.746444,194,0.07,0.0014
Heart,2,0.5,SSF,0.750000,0.750000,0.745296,0.746444,434,0.08,0.0014
Heart,2,0.5,Adapter,0.776316,0.780435,0.769686,0.771530,1096,0.13,0.0013
Heart,2,0.5,LoRA,0.750000,0.750000,0.745296,0.746444,1644,0.08,0.0015
Heart,2,0.5,LFW(ours),0.828947,0.842262,0.820557,0.823792,25,0.26,0.0012
Heart,2,0.5,FFT,0.815789,0.819355,0.810453,0.812544,11714,0.22,0.0012
Heart,2,1.0,ZeroShot,0.750000,0.750000,0.745296,0.746444,0,0.00,0.0009
Heart,2,1.0,VarFilter,0.644737,0.655724,0.628920,0.621053,0,0.00,0.0012
Heart,2,1.0,MIFilter,0.776316,0.832143,0.759233,0.757826,0,0.00,0.0012
Heart,2,1.0,LR,0.789474,0.792115,0.783972,0.785765,26,0.00,0.0014
Heart,2,1.0,SVM,0.789474,0.792115,0.783972,0.785765,1144,0.00,0.0101
Heart,2,1.0,RF,0.815789,0.832200,0.806272,0.809319,4258,0.31,0.3507
Heart,2,1.0,LinearProbe,0.750000,0.750000,0.745296,0.746444,130,0.07,0.0010
Heart,2,1.0,BitFit,0.750000,0.750000,0.745296,0.746444,194,0.07,0.0009
Heart,2,1.0,SSF,0.750000,0.750000,0.745296,0.746444,434,0.07,0.0015
Heart,2,1.0,Adapter,0.750000,0.750000,0.745296,0.746444,1096,0.07,0.0015
Heart,2,1.0,LoRA,0.750000,0.750000,0.745296,0.746444,1644,0.08,0.0012
Heart,2,1.0,LFW(ours),0.750000,0.750000,0.745296,0.746444,25,0.15,0.0009
Heart,2,1.0,FFT,0.776316,0.776989,0.771777,0.773134,11714,0.16,0.0011
Heart,3,0.1,ZeroShot,0.684211,0.688502,0.688502,0.684211,0,0.00,0.0012
Heart,3,0.1,VarFilter,0.513158,0.519886,0.519512,0.512398,0,0.00,0.0016
Heart,3,0.1,MIFilter,0.657895,0.655391,0.653659,0.654062,0,0.00,0.0018
Heart,3,0.1,LR,0.828947,0.835507,0.822648,0.825287,26,0.00,0.0016
Heart,3,0.1,SVM,0.842105,0.852531,0.834843,0.838068,130,0.00,0.0036
Heart,3,0.1,RF,0.868421,0.880411,0.861324,0.865057,606,0.32,0.3488
Heart,3,0.1,LinearProbe,0.684211,0.688502,0.688502,0.684211,130,0.07,0.0015
Heart,3,0.1,BitFit,0.684211,0.688502,0.688502,0.684211,194,0.07,0.0009
Heart,3,0.1,SSF,0.684211,0.688502,0.688502,0.684211,434,0.07,0.0014
Heart,3,0.1,Adapter,0.684211,0.688502,0.688502,0.684211,1096,0.07,0.0013
Heart,3,0.1,LoRA,0.684211,0.688502,0.688502,0.684211,1644,0.08,0.0017
Heart,3,0.1,LFW(ours),0.684211,0.688502,0.688502,0.684211,25,0.13,0.0019
Heart,3,0.1,FFT,0.710526,0.709633,0.710801,0.709722,11714,0.15,0.0009
Heart,3,0.2,ZeroShot,0.684211,0.688502,0.688502,0.684211,0,0.00,0.0022
Heart,3,0.2,VarFilter,0.447368,0.455686,0.460627,0.437632,0,0.00,0.0019
Heart,3,0.2,MIFilter,0.710526,0.730927,0.696167,0.693324,0,0.00,0.0016
Heart,3,0.2,LR,0.776316,0.783613,0.782230,0.776277,26,0.00,0.0015
Heart,3,0.2,SVM,0.868421,0.867637,0.869686,0.868056,312,0.00,0.0046
Heart,3,0.2,RF,0.894737,0.896050,0.898258,0.894664,1440,0.30,0.3406
Heart,3,0.2,LinearProbe,0.684211,0.688502,0.688502,0.684211,130,0.07,0.0012
Heart,3,0.2,BitFit,0.684211,0.688502,0.688502,0.684211,194,0.07,0.0011
Heart,3,0.2,SSF,0.684211,0.688502,0.688502,0.684211,434,0.08,0.0014
Heart,3,0.2,Adapter,0.684211,0.688502,0.688502,0.684211,1096,0.07,0.0026
Heart,3,0.2,LoRA,0.684211,0.688502,0.688502,0.684211,1644,0.07,0.0015
Heart,3,0.2,LFW(ours),0.684211,0.688502,0.688502,0.684211,25,0.14,0.0009
Heart,3,0.2,FFT,0.736842,0.799016,0.754007,0.730114,11714,0.27,0.0009
Heart,3,0.5,ZeroShot,0.684211,0.688502,0.688502,0.684211,0,0.00,0.0009
Heart,3,0.5,VarFilter,0.447368,0.455686,0.460627,0.437632,0,0.00,0.0009
Heart,3,0.5,MIFilter,0.697368,0.696023,0.692334,0.693064,0,0.00,0.0009
Heart,3,0.5,LR,0.842105,0.843382,0.845296,0.841996,26,0.00,0.0011
Heart,3,0.5,SVM,0.881579,0.881579,0.883972,0.881394,728,0.00,0.0067
Heart,3,0.5,RF,0.828947,0.828431,0.826829,0.827484,2548,0.30,0.3477
Heart,3,0.5,LinearProbe,0.710526,0.709633,0.710801,0.709722,130,0.07,0.0013
Heart,3,0.5,BitFit,0.684211,0.688502,0.688502,0.684211,194,0.07,0.0012
Heart,3,0.5,SSF,0.697368,0.697826,0.690244,0.690893,434,0.07,0.0017
Heart,3,0.5,Adapter,0.710526,0.708950,0.706620,0.707283,1096,0.08,0.0020
Heart,3,0.5,LoRA,0.736842,0.741463,0.741463,0.736842,1644,0.16,0.0015
Heart,3,0.5,LFW(ours),0.723684,0.722222,0.722997,0.722483,25,0.17,0.0027
Heart,3,0.5,FFT,0.868421,0.869716,0.871777,0.868330,11714,0.22,0.0034
Heart,3,1.0,ZeroShot,0.684211,0.688502,0.688502,0.684211,0,0.00,0.0011
Heart,3,1.0,VarFilter,0.513158,0.522464,0.521603,0.511042,0,0.00,0.0009
Heart,3,1.0,MIFilter,0.736842,0.752941,0.724739,0.724638,0,0.00,0.0012
Heart,3,1.0,LR,0.842105,0.853418,0.849477,0.841996,26,0.00,0.0012
Heart,3,1.0,SVM,0.934211,0.933333,0.934843,0.933925,1014,0.00,0.0085
Heart,3,1.0,RF,0.907895,0.906944,0.908362,0.907494,4158,0.32,0.3326
Heart,3,1.0,LinearProbe,0.815789,0.826638,0.822997,0.815662,130,0.12,0.0009
Heart,3,1.0,BitFit,0.684211,0.688502,0.688502,0.684211,194,0.07,0.0012
Heart,3,1.0,SSF,0.684211,0.688502,0.688502,0.684211,434,0.08,0.0017
Heart,3,1.0,Adapter,0.828947,0.836835,0.835192,0.828918,1096,0.13,0.0020
Heart,3,1.0,LoRA,0.684211,0.688502,0.688502,0.684211,1644,0.08,0.0029
Heart,3,1.0,LFW(ours),0.684211,0.688502,0.688502,0.684211,25,0.15,0.0012
Heart,3,1.0,FFT,0.868421,0.880197,0.875958,0.868330,11714,0.21,0.0009
Heart,4,0.1,ZeroShot,0.657895,0.675325,0.641115,0.632440,0,0.00,0.0011
Heart,4,0.1,VarFilter,0.605263,0.679934,0.575610,0.520202,0,0.00,0.0015
Heart,4,0.1,MIFilter,0.552632,0.773333,0.514286,0.381226,0,0.00,0.0016
Heart,4,0.1,LR,0.657895,0.656965,0.657840,0.656944,26,0.01,0.0012
Heart,4,0.1,SVM,0.539474,0.269737,0.500000,0.350427,130,0.00,0.0042
Heart,4,0.1,RF,0.578947,0.576307,0.576307,0.576307,740,0.31,0.3432
Heart,4,0.1,LinearProbe,0.657895,0.675325,0.641115,0.632440,130,0.07,0.0013
Heart,4,0.1,BitFit,0.657895,0.675325,0.641115,0.632440,194,0.09,0.0010
Heart,4,0.1,SSF,0.657895,0.675325,0.641115,0.632440,434,0.07,0.0014
Heart,4,0.1,Adapter,0.657895,0.675325,0.641115,0.632440,1096,0.06,0.0014
Heart,4,0.1,LoRA,0.657895,0.675325,0.641115,0.632440,1644,0.08,0.0015
Heart,4,0.1,LFW(ours),0.657895,0.675325,0.641115,0.632440,25,0.13,0.0012
Heart,4,0.1,FFT,0.671053,0.687710,0.655401,0.649123,11714,0.16,0.0011
Heart,4,0.2,ZeroShot,0.657895,0.675325,0.641115,0.632440,0,0.00,0.0009
Heart,4,0.2,VarFilter,0.605263,0.679934,0.575610,0.520202,0,0.00,0.0016
Heart,4,0.2,MIFilter,0.526316,0.467606,0.491986,0.389286,0,0.00,0.0017
Heart,4,0.2,LR,0.618421,0.632609,0.627526,0.616762,26,0.00,0.0015
Heart,4,0.2,SVM,0.750000,0.752778,0.753659,0.749957,312,0.00,0.0045
Heart,4,0.2,RF,0.657895,0.659044,0.659930,0.657658,1424,0.30,0.3727
Heart,4,0.2,LinearProbe,0.684211,0.683154,0.678049,0.678647,130,0.08,0.0013
Heart,4,0.2,BitFit,0.657895,0.675325,0.641115,0.632440,194,0.07,0.0009
Heart,4,0.2,SSF,0.710526,0.711712,0.712892,0.710326,434,0.08,0.0020
Heart,4,0.2,Adapter,0.684211,0.683154,0.678049,0.678647,1096,0.09,0.0025
Heart,4,0.2,LoRA,0.657895,0.675325,0.641115,0.632440,1644,0.07,0.0013
Heart,4,0.2,LFW(ours),0.657895,0.675325,0.641115,0.632440,25,0.15,0.0013
Heart,4,0.2,FFT,0.697368,0.695833,0.696516,0.696053,11714,0.18,0.0014
Heart,4,0.5,ZeroShot,0.657895,0.675325,0.641115,0.632440,0,0.00,0.0009
Heart,4,0.5,VarFilter,0.592105,0.702381,0.559233,0.482312,0,0.00,0.0012
Heart,4,0.5,MIFilter,0.671053,0.670290,0.663763,0.664014,0,0.00,0.0012
Heart,4,0.5,LR,0.789474,0.788635,0.790244,0.788889,26,0.00,0.0012
Heart,4,0.5,SVM,0.776316,0.776316,0.778049,0.775967,598,0.00,0.0095
Heart,4,0.5,RF,0.828947,0.827778,0.828920,0.828204,2282,0.31,0.3367
Heart,4,0.5,LinearProbe,0.671053,0.669034,0.665854,0.666374,130,0.09,0.0012
Heart,4,0.5,BitFit,0.671053,0.687710,0.655401,0.649123,194,0.15,0.0012
Heart,4,0.5,SSF,0.644737,0.644345,0.635192,0.634029,434,0.10,0.0019
Heart,4,0.5,Adapter,0.776316,0.779167,0.780139,0.776277,1096,0.16,0.0064
Heart,4,0.5,LoRA,0.671053,0.687710,0.655401,0.649123,1644,0.09,0.0016
Heart,4,0.5,LFW(ours),0.657895,0.675325,0.641115,0.632440,25,0.14,0.0012
Heart,4,0.5,FFT,0.750000,0.750000,0.751568,0.749610,11714,0.19,0.0009
Heart,4,1.0,ZeroShot,0.657895,0.675325,0.641115,0.632440,0,0.00,0.0011
Heart,4,1.0,VarFilter,0.592105,0.637879,0.563415,0.510696,0,0.00,0.0010
Heart,4,1.0,MIFilter,0.644737,0.699309,0.620557,0.593422,0,0.00,0.0013
Heart,4,1.0,LR,0.789474,0.789288,0.786063,0.787115,26,0.00,0.0024
Heart,4,1.0,SVM,0.789474,0.792115,0.783972,0.785765,1170,0.00,0.0095
Heart,4,1.0,RF,0.789474,0.792115,0.783972,0.785765,4882,0.30,0.4802
Heart,4,1.0,LinearProbe,0.684211,0.683154,0.678049,0.678647,130,0.08,0.0013
Heart,4,1.0,BitFit,0.657895,0.675325,0.641115,0.632440,194,0.09,0.0012
Heart,4,1.0,SSF,0.697368,0.695833,0.696516,0.696053,434,0.12,0.0019
Heart,4,1.0,Adapter,0.671053,0.669034,0.665854,0.666374,1096,0.10,0.0017
Heart,4,1.0,LoRA,0.684211,0.688587,0.673868,0.673118,1644,0.16,0.0013
Heart,4,1.0,LFW(ours),0.657895,0.675325,0.641115,0.632440,25,0.15,0.0012
Heart,4,1.0,FFT,0.763158,0.762301,0.763763,0.762500,11714,0.30,0.0022
